peak_force,mean_force,loading_rate,impact_peak,braking_force,propulsive_force,contact_time,speed,cadence,vertical_stiffness,symmetry_index,injury_risk
2.645553024836886,0.9232331233560427,0.2758295250973256,0.3456393370050523,1.8068792495779182,1.1723096997949667,0.72,3.8852088025191667,171.83100087861854,3.6743792011623415,0.6147792001273567,0
2.578091342649035,0.9358482338004444,0.3371086450805312,0.29588948067101,1.8678942483672512,1.17609434978987,0.7,5.04840339862751,168.89165225029006,3.6829876323557644,0.597641032167083,0
2.7304540046120813,0.9401074004054968,0.3122753396854573,0.3621985375265379,1.8646603476259653,1.1763359016117878,0.7,3.5809535333266047,177.19955024849088,3.9006485780172593,0.5987477189292467,0
2.5230668359057375,0.9443017871651824,0.2548935374597157,0.3117923442798872,1.8943071709291694,1.1928734742155178,0.7,5.354038552512115,169.8731913640555,3.604381194151054,0.598139289475525,0
2.705062940432929,0.9280173280444174,0.33273679137062484,0.2753926320748747,1.8945119458649564,1.169286735287772,0.71,3.2666756584730896,169.0050636186032,3.809947803426661,0.5862520591626186,0
2.55887199167817,0.9220872152691633,0.29142763371985203,0.2870673729911945,1.825585065657517,1.1846962200423095,0.69,5.485398091771488,173.62941014586755,3.7085101328669134,0.6152396179068718,0
2.567766499655406,0.9360271614319058,0.3232083906368435,0.32132500530847685,1.8969704519680455,1.1631770767839529,0.73,4.710003985205501,160.75522143027374,3.517488355692337,0.5824708501007733,0
2.5297683248339364,0.9330017179447188,0.28189339744325204,0.27635076369645334,1.8470328671370067,1.176669646591979,0.69,3.0556779122850757,165.57234405060026,3.6663309055564297,0.6043398991626681,0
2.609453862369828,0.9564826817753332,0.28452855546037825,0.2950027277193553,1.8927963433019996,1.2024114472963192,0.72,3.7613800078198683,176.67351438931945,3.62424147551365,0.6033789912038688,0
2.6063513229307076,0.936403157584141,0.28053599328878276,0.3379852571127521,1.872174268993216,1.1437289323504087,0.71,4.447343128316629,162.59684673070515,3.6709173562404334,0.5799329959488194,0
2.5512716967482802,0.9496352163551798,0.25263481940409505,0.34956396519734845,1.896420011613862,1.1835021615288306,0.73,4.928060706201644,176.38028621399417,3.494892735271617,0.5928122111800078,0
2.609540741240529,0.944326937034711,0.3045660247727341,0.31051760016481067,1.895473247518733,1.1466694046029449,0.71,5.021416275393303,172.69192979851542,3.6754094947049705,0.574635318227778,0
2.69824819211833,0.9381833713256,0.2920123244208235,0.2951626770466812,1.8726730804643623,1.1655556847243445,0.69,5.6849796817087155,176.02370629978324,3.9105046262584495,0.5908509099997327,0
2.516520408797719,0.9301270775300601,0.273500385237076,0.3069426738443871,1.8408574202496848,1.2012801699648281,0.69,4.314445284385455,161.56133231557257,3.6471310272430713,0.6189430287003191,0
2.571556266037467,0.960058538151852,0.2930594624588272,0.31222984545843896,1.8825141036866135,1.1631063354559552,0.73,3.0376928203239766,174.10866273702783,3.522679816489681,0.5866825024311724,0
2.66914253597441,0.9237030932563144,0.2955193447609732,0.3208314155404464,1.8675250612938714,1.1571114217126783,0.7,3.8004907199507034,175.57297711971142,3.813060765677729,0.5881050485586933,0
2.598577850260667,0.950114526448554,0.3718271275693674,0.30212148790799576,1.8868328140552755,1.180864395812574,0.73,3.279039738543214,160.50380299597637,3.559695685288585,0.5943451242897185,0
2.5502987277623386,0.9398826173630438,0.29678629097499876,0.34301414710811584,1.87784374688109,1.1419573827081102,0.69,5.514885229889023,174.54837067572885,3.6960851126990417,0.5773749238325275,0
2.4858624512355,0.9287011049817179,0.30750274384589643,0.2640415496295673,1.8418339246019433,1.1632733222559772,0.73,3.449949288400566,169.7568121544035,3.4052910290897263,0.5990591201018577,0
2.5383421589737996,0.942281505756644,0.31356805398314236,0.28581013577249526,1.8577190452835328,1.1705477267902005,0.72,4.07483081449433,160.25801880893997,3.525475220796944,0.5979140518708456,0
2.5156299095917682,0.9224573325693046,0.2948500825579453,0.2726385587796092,1.8274796743251898,1.160711859708764,0.73,3.4359747322020304,172.93961312499567,3.4460683693037923,0.602191491391539,0
2.740249690106022,0.9316061044694013,0.2888868162946696,0.3027905346508026,1.8546786110809965,1.1748262288018956,0.71,4.549530909763977,164.82969308419823,3.85950660578313,0.6010329381729823,0
2.6286816023128656,0.9334838192003653,0.30937569966360945,0.32165184539138325,1.8631003403072661,1.1539703575674158,0.73,3.586899363425759,179.3008924639122,3.600933701798446,0.5878305524549985,0
2.542938271006753,0.9323961729862521,0.236711897615146,0.36954712068785023,1.8871682781825228,1.1651434032694339,0.73,5.291565610975022,179.56165408142394,3.4834770835708944,0.5863335360481307,0
2.6037199186068753,0.9423872658203869,0.3219295366263889,0.30927268296185934,1.87645152858586,1.1855965749429487,0.68,4.473018893249738,160.06127711013548,3.828999880304228,0.5998611945678406,0
2.762077033622387,0.9378471426241062,0.2829052899141715,0.3028825575013615,1.8819162532250027,1.1909521251218522,0.7,4.4880981163538465,162.6855033739749,3.9458243337462675,0.600909409357695,0
2.6293155115556677,0.9359121580880374,0.3193501176172212,0.25554212044685437,1.8852500544138628,1.154554660150262,0.68,5.853669422564842,170.29154524000893,3.866640458170099,0.5815663662032436,0
2.694403891319759,0.9390878773239244,0.3150318965593888,0.3727227859042729,1.8779375861577308,1.1259527145636548,0.72,3.9637015324373013,172.56937738786408,3.742227626832999,0.5692559373174607,0
2.5480669304804784,0.9290103613050253,0.2955195232313821,0.2988641980565815,1.8833175235552577,1.1086940430205041,0.73,4.142191951002228,172.64975154873412,3.490502644493806,0.5590098558868577,0
2.613320457527293,0.9378237311237414,0.28574242369727687,0.2786752789794386,1.8927271549119773,1.1796774392099483,0.71,4.775878921661526,174.41633618135168,3.680733038770835,0.5919914506620235,0
2.6190143229186136,0.9230324281106502,0.33005474113309974,0.27560582396761657,1.8281909768771787,1.1816328701880272,0.7,4.023620145869334,163.49944994996744,3.741449032740877,0.6128194169343913,0
2.649273990649821,0.9163273970242565,0.28132741654445015,0.30443927817067234,1.8482397694169237,1.1692514422139464,0.71,5.486868346177344,165.9975280371937,3.7313718178166493,0.6001578761344576,0
2.5558812117167253,0.9450644990469026,0.347684820138238,0.3197494340875403,1.8861568871315342,1.1659641391689026,0.73,4.639889490494669,170.76118049705116,3.50120713933798,0.5870453370140473,0
2.715737351542717,0.9409915905337246,0.36613471859684893,0.3349155625065182,1.8651573229415157,1.1856830600013757,0.72,3.007980360595645,162.83261737066346,3.7718574326982184,0.6033527423782051,0
2.4558290288397417,0.9334097914982818,0.3360630258987175,0.3177751292069675,1.8636948880932471,1.1348552011883126,0.68,3.9662613439703627,176.22655912573398,3.611513277705502,0.5779182947765679,0
2.549262628693812,0.9426365774822831,0.31943324894422853,0.2908743161496364,1.8365767332418692,1.1664003708928354,0.7,4.497269181946582,175.69175727987667,3.6418037552768743,0.6023001055787018,0
2.5731979980983786,0.9429834671534563,0.25851667501369147,0.291193450632753,1.8493064672662296,1.20031951046869,0.76,5.341573476761495,173.64152727758875,3.3857868396031296,0.6157674694180114,0
2.6338683943538497,0.9179905177103674,0.30700197841561017,0.3230625685599168,1.8515055946927153,1.1225202095844184,0.71,5.221890736544593,166.6451017333454,3.7096737948645773,0.5752072720863354,0
2.4904806086201194,0.9148577042998316,0.28429320564981986,0.2518949945363352,1.8325265010985803,1.1344219365907584,0.7,5.01048714953691,171.63194436473506,3.557829440885885,0.5870149443983693,0
2.6845384794241567,0.940164560307994,0.32397560887496096,0.31184156864270085,1.8508361974314336,1.1961258248834663,0.71,5.50183671461028,160.10520328655275,3.7810401118650097,0.6131349348850221,0
2.7159818067527848,0.924127683107201,0.2928329988539907,0.2571575841772112,1.8416190593855082,1.1559659821835708,0.69,3.6426264704425533,172.00024652495046,3.936205517033022,0.5953618845034493,0
2.4753432114551934,0.9271255890866128,0.26616918061605455,0.313158420359661,1.8549954189360467,1.1611359497853424,0.73,4.379033963307904,160.99378558377586,3.390881111582457,0.5939328238514539,0
2.548028570940216,0.9196332871401911,0.3291635490700726,0.22422239551388562,1.8574511125488544,1.157095619632437,0.7,4.622071839687522,164.4141272041109,3.6400408156288804,0.5911236363526591,0
2.5015923396496746,0.9224112929112747,0.3190779688969709,0.24558598388307926,1.8649275904228166,1.1448708103683645,0.71,5.920657430212688,166.966237246011,3.523369492464331,0.5826529262190313,0
2.635958258710149,0.9277741118632075,0.36362820801386286,0.32750488263515143,1.816724329925363,1.1829088872602063,0.73,5.928898443335554,172.910069836395,3.610901724260478,0.6171512871161126,0
2.5709844338390706,0.9375383940004046,0.24335815112754894,0.28311104229319783,1.8619390195675762,1.1730018705582066,0.69,4.49205292941976,164.83995865863187,3.7260643968682188,0.5978788631344636,0
2.6361737879256095,0.9296683666955262,0.2879985002577781,0.32397332439118753,1.8565335913210437,1.1553092259428153,0.68,3.4262864042155066,162.6110257575806,3.8767261587141313,0.5904878050996073,0
2.5997038680043976,0.9267392435777397,0.30727086930871117,0.31177546185982175,1.8801644225976193,1.1358477599553976,0.68,5.662576862817307,169.9284996838713,3.8230939235358785,0.5736128510305067,0
2.4831576001437643,0.9278785074497723,0.2681264284768054,0.2749211962067334,1.8539225749331725,1.1947819854366215,0.69,3.080175136444241,175.01664162277788,3.598779130643137,0.611478674111478,0
2.6653614311590776,0.9440076357197215,0.30864500536301154,0.2664005840034987,1.8891812411370317,1.1677907210809835,0.73,4.355746591341446,167.81191016838946,3.6511800426836682,0.5870710506064621,0
2.523548005853245,0.9366813158858524,0.29346607045120976,0.27199506904350657,1.8597708699530056,1.1803522182139035,0.74,4.4947457096687415,177.16701629027068,3.4102000079097903,0.6022909291646976,0
2.5654169804840894,0.929843846833046,0.3099057817684976,0.30565609089357154,1.85319957186823,1.151606539391787,0.69,3.4409618187120574,178.82519838193178,3.7179956238899847,0.5896000367695547,0
2.67746565186324,0.9458828942128652,0.2865123628379924,0.330618798235666,1.8687068875837063,1.1918843881158414,0.74,4.114572850574877,174.28089188052252,3.618196826842216,0.6054148515621345,0
2.5377620737445605,0.9131122625292974,0.2976140835066936,0.29079858610622045,1.8424095317974156,1.1435162580464462,0.67,5.015012951602449,176.1504070745826,3.7877045876784483,0.5887101763695987,0
2.502378420312964,0.9261389200446556,0.282608341688789,0.28810423777759897,1.8247270115553718,1.18593170726004,0.72,5.09560264697941,171.083497393502,3.475525583768006,0.6161557977521647,0
2.454905996358146,0.9351221563302541,0.27304440423487086,0.26509369262631044,1.8471620425807482,1.163351790596875,0.7,5.336172178695226,171.5213337082233,3.507008566225923,0.5974601831571145,0
2.4683427566435223,0.9332861416401441,0.2771458520393104,0.30474152092595225,1.858138455872563,1.1687460638770608,0.73,4.7200576779541965,160.73355467514122,3.38129144745688,0.596865895959465,0
2.6357666431428655,0.9209432726609401,0.2843304351080289,0.29263985790124447,1.8325709042745597,1.1830659077547439,0.69,3.8808553376523722,170.61668116322681,3.819951656728791,0.612172058027976,0
2.5023600534348356,0.9075414153128548,0.3732218710929831,0.3266977788212565,1.8453973424500796,1.128354468270357,0.72,3.0368706167001154,170.55284554820642,3.4755000742150495,0.5800123417714145,0
2.6242165141403944,0.9408879252083192,0.24523497269689704,0.24811614264997006,1.864381461181972,1.1977975214608456,0.71,4.817903512460136,171.18524720476725,3.6960795973808374,0.6097581071347153,0
2.6287824498679715,0.9447163923713111,0.2768941422979442,0.2586745153225643,1.8783325921091314,1.1677747834337358,0.72,4.689306109228847,164.48358800871776,3.651086735927738,0.5902823357870037,0
2.487540910764844,0.9280501403508208,0.2433829437677052,0.303946160448858,1.8523607594314058,1.1777922034681976,0.72,4.901451674290945,167.74159118070804,3.4549179316178393,0.60326566070259,0
2.6207434647020285,0.9345595456413969,0.23720711887471357,0.3202004126551154,1.852664397974296,1.1710298889082147,0.72,5.792198404336411,178.98005287106676,3.6399214787528176,0.5997087313739355,0
2.6223287555799972,0.9346310039111486,0.331965131842722,0.2954513516569329,1.891028841842123,1.2001754715081137,0.7,3.713394514975204,177.04085776136952,3.7461839365428533,0.6027916051671544,0
2.509823089686526,0.9142300655777003,0.3233348210443907,0.3156488756633077,1.857605936065719,1.1554839132865553,0.71,5.119601360678218,169.06938482577547,3.534962098150037,0.5902535806612738,0
2.517668860616613,0.9367270903399411,0.3059693285134179,0.31937722816841374,1.860179003495554,1.1635248323989742,0.72,3.6010872267094967,168.36606709325454,3.496762306411963,0.5935809078273362,0
2.544352221536174,0.9229389837208205,0.31460215809033376,0.2721956945456457,1.8689336062749224,1.1526058755780677,0.7,5.357601509868067,175.6730695223128,3.63478888790882,0.5853960092431523,0
2.5931678104037386,0.9400182793334801,0.34250064255062496,0.26886461148621016,1.888458925079501,1.1641045256318943,0.71,3.092030745259927,167.96125013957925,3.6523490287376603,0.585430511513006,0
2.6981918115406613,0.914752996144224,0.32255080354381227,0.2466375715672952,1.819389604845045,1.135140939426766,0.72,3.8069195248243974,172.01280108624448,3.7474886271398073,0.5914072560158559,0
2.5938020175889283,0.9373967375905911,0.3580941303209667,0.27689516026685074,1.8395868015013312,1.1801668435190433,0.73,3.7735648574234304,177.4202150269312,3.5531534487519565,0.6084630203739986,0
2.7038589737146155,0.940278640407761,0.24761563890361515,0.3680784838923116,1.8688320827078144,1.180814053691212,0.72,5.546422148679555,163.86514949706103,3.755359685714744,0.599753561546595,0
2.55245712438052,0.9262999905160447,0.31740742043931514,0.2568830989786358,1.863363067108748,1.1633979994892374,0.7,4.643009551890117,174.83198814578915,3.6463673205436002,0.5925536743453463,0
2.609659190373462,0.9379028169393244,0.3491348742065454,0.3032573745332158,1.8590400209905689,1.1955244842537998,0.7,4.240194172730854,179.94929479123962,3.728084557676375,0.6102603680599107,0
2.562521067466351,0.9416405279812136,0.3825660136531729,0.266367661365033,1.8454052346186294,1.1896453934464188,0.71,3.7330131835101747,160.76235165830263,3.6091846020652834,0.6115154684877945,0
2.462504620456773,0.9251217261268604,0.34070587932290375,0.3025562686906163,1.8415077734451526,1.183690830430772,0.75,3.9683966948524696,160.5909830202313,3.283339493942364,0.6096760706398537,0
2.5975281190897355,0.925737503285885,0.339922791643817,0.28005381733549856,1.8538111151889392,1.1539051354652978,0.71,5.164388961751146,173.94478685764284,3.6584903085770923,0.5905919597318453,0
2.523130801927431,0.9265962785036816,0.37746061138742626,0.2669663335339222,1.8455977888129524,1.1414725668311994,0.72,5.550678121167863,168.87971589002257,3.504348336010321,0.5866950370701409,0
2.607368053476616,0.9458489881164749,0.29593977285716755,0.2906164240736155,1.853848050618526,1.1958626138404322,0.73,3.2759512025215294,163.66331043862058,3.5717370595570084,0.6120550743246693,0
2.558887782113157,0.9345352220641859,0.2742282518743206,0.2911743130876169,1.8618388947302218,1.2072869412532392,0.68,3.0435403949772954,170.35909873887442,3.7630702678134655,0.615385363444564,0
2.6300487392260767,0.9514330986933728,0.211491540733876,0.29089963839283894,1.8615184882666351,1.1703099620392783,0.75,4.647219864454078,177.8239547618651,3.506731652301436,0.596634683302661,0
2.630808779980725,0.9306448135399576,0.27831520001815957,0.34255165659472214,1.8122738049649763,1.1604781618719346,0.72,5.513038762540882,170.4558469299079,3.6539010833065624,0.6068577412182817,0
2.613013203211851,0.9305505363797095,0.26374159328962987,0.23816542326191054,1.8229106274283073,1.185734232196608,0.7,3.068229016635669,178.80342845004242,3.7328760045883587,0.6166351234859022,0
2.5602467978965278,0.932094282662761,0.5294493394487871,0.23614822757948514,1.8580482785992676,1.154009259987866,0.74,4.735793379839691,171.3917566239155,3.459792970130443,0.5893671124459768,0
2.5603271305749713,0.943190908263874,0.33516051941567904,0.3168528358420171,1.8751354140538286,1.1467805753451046,0.74,5.444031147653115,163.72450360471993,3.4599015278040155,0.5806085836876455,0
2.5579226839376505,0.9297125432631325,0.2393572565354769,0.30603833492478183,1.8410299364735387,1.1787847377682794,0.72,3.3402742965392687,176.77028222194565,3.552670394357848,0.6072985870119522,0
2.5966180280959303,0.9388325748911889,0.21860413105100773,0.32294303818409104,1.847855043410076,1.1518866059289747,0.74,4.0859076915173995,167.60170098263742,3.508943281210717,0.5913615645199074,0
2.642182716856697,0.9452275370943066,0.26974232895474376,0.30746294080333647,1.8740976358103079,1.1976884186008345,0.71,3.302366151960559,172.0724375791547,3.7213841082488694,0.6067017136714311,0
2.4827515570589136,0.9416586420640081,0.328698543135701,0.33845084894009825,1.8791843490036821,1.1819460954721797,0.69,3.114822550261112,167.86228311764364,3.598190662404223,0.5971884812383289,0
2.5978233194971647,0.9216930910567595,0.23036262406781838,0.27989499864342776,1.8653644211662066,1.1582797445120063,0.7,4.482207867844622,168.49903909449546,3.7111761707102358,0.5893460429209902,0
2.6673196055374833,0.9409145886550406,0.28770792298558046,0.2862078494965783,1.8418323092208126,1.1963149284725818,0.71,4.994381150419153,163.46575238312303,3.756788176813357,0.6160753030999983,0
2.624357858079319,0.9337966233711367,0.3302652499830715,0.3139783982115879,1.8382623381514538,1.197633096318147,0.71,5.767363036482708,172.5144793822194,3.696278673351154,0.6178900929687079,0
2.6214667822938256,0.9436453779876091,0.27185073870345233,0.34701677137256964,1.8913107569577245,1.1595909214414701,0.7,3.9256896515071737,166.3205421801357,3.7449525461340367,0.5823254443786888,0
2.5276268223402694,0.9166404431711266,0.33595893421359063,0.28015869150224953,1.8347243279465015,1.1696649561483743,0.7,3.781636691115826,167.01384336507562,3.610895460486099,0.6045641434559547,0
2.45409730921343,0.9394800679582738,0.25596201395167584,0.34505459108239467,1.8330272814356363,1.1414256080643288,0.74,4.868839694945054,163.88195464633932,3.3163477151532836,0.5904860314317993,0
2.5282030321566102,0.931117943747239,0.3398376521570279,0.3038151908487986,1.8545017580662122,1.1705939230329092,0.71,5.841756171412741,166.85214356947108,3.5608493410656483,0.5989219084617744,0
2.661798178378939,0.9353275062492991,0.37125557532749925,0.34159430487612186,1.8689286797265523,1.1256593694919368,0.72,3.5571564131542734,176.42683337213043,3.696941914415193,0.57171160188914,0
2.535233136104183,0.9358474280732219,0.3687220279739835,0.28051744559329084,1.8642721857954716,1.1516641923899942,0.73,3.3559491173756757,179.0884789734872,3.4729221042523055,0.5863058086950432,0
2.4873243061526447,0.9220908839082256,0.30189083111370507,0.3074159982509235,1.833108345533449,1.1494644938351215,0.7,5.5298888128983705,168.793052386966,3.553320437360921,0.5946197979492568,0
2.5945777395132805,0.9319285371200511,0.30375299591969185,0.31178235373403435,1.8362185511543347,1.162128678919164,0.74,3.401983463401189,174.97744299091693,3.506186134477406,0.6002053219799625,0
2.493279483476821,0.9342687629190869,0.28353129039273306,0.35376316834283905,1.8630660561229693,1.1423616986429264,0.72,4.305449464244788,178.19072331190534,3.462888171495585,0.5819272841480823,0
2.6631857641802124,0.9328036102132686,0.3218585229830663,0.2922861758146633,1.8842089485560192,1.1754406438779375,0.7,5.344201704616733,165.06729255101737,3.804551091686018,0.592397612526316,0
2.7493053270353016,0.9265118129214384,0.2344244227704091,0.29201161873829073,1.8420090713842476,1.2113678843350546,0.68,4.125762616466862,162.6715066321887,4.043096069169561,0.6237704561655841,0
2.6306057560977325,0.9342940201116283,0.33240819101414765,0.31659376078224766,1.844469874775826,1.1914768900401858,0.69,4.948438384357823,164.86614492472026,3.8124721102865693,0.6127515296052343,0
2.689775549185461,0.9383792010777036,0.2857388818999441,0.31860808489118175,1.885148012306178,1.1880024162177358,0.73,5.378447729663151,177.80716373441757,3.684624039980084,0.5984452589193158,0
2.6046169963193426,0.9340487805930603,0.26863177163446206,0.3249703666915592,1.8628345615947803,1.1723503408319327,0.68,4.619538799479696,166.1205865509484,3.830319112234327,0.5972741481989249,0
2.6954656937780865,0.9250741295254009,0.32719065268531833,0.3168410702788585,1.8421943580440945,1.1380393079346123,0.68,3.6002781078326107,170.51495193186793,3.9639201379089504,0.5859554185301442,0
2.5468477632085773,0.9345309210993242,0.28206135645873615,0.2771028444088567,1.8958920078873966,1.1433133578585684,0.71,3.67588331866727,179.29964369378504,3.5871095256458836,0.5728332762195575,0
2.5681236131228964,0.9231751322665965,0.32052109263757306,0.29271568434830175,1.8235394471313753,1.1911448288136934,0.67,5.950891125065903,169.52365535133336,3.833020318093875,0.6192463744843283,0
2.6542695149922997,0.923506943316887,0.23338963662792195,0.2991251743828695,1.8371991633489766,1.1805413506244873,0.7,5.433836794445751,167.32491583577803,3.7918135928461427,0.6094062876754499,0
2.66152117885225,0.9239446871136795,0.2467221817435823,0.24131639100715815,1.8315485536240963,1.197519789807853,0.69,3.958101133519129,178.4482313413612,3.8572770708003623,0.6199791289538069,0
2.6145296985959257,0.9327103152736461,0.26868156013590616,0.30738511855591133,1.86244517519409,1.1586801722741131,0.7,3.5348834622402343,162.13230533585389,3.735042426565608,0.5904267731502446,0
2.580779543031658,0.9292092207145187,0.3022729902291631,0.2598392545686619,1.8781883976616427,1.1575926484360757,0.7,3.843355077577052,174.1591793231103,3.6868279186166544,0.5851781608892416,0
2.4828973295439907,0.9443494924819177,0.25866899214386085,0.32096166773677176,1.8782514312363037,1.1861736493724666,0.77,5.463166748883051,168.61933508821866,3.224541986420767,0.599607123059767,0
2.5370401784763605,0.9271838902989735,0.24968942101202707,0.2289889520543758,1.8565731170701887,1.1466787133312564,0.7,4.786266761904764,175.72898150401744,3.6243431121090866,0.5860648412916537,0
2.5678965049174987,0.9190648570167859,0.3263769897697271,0.3040530309584324,1.8206787239340165,1.1473660427396575,0.68,5.0713404503428325,169.4292815630929,3.7763183895845565,0.5973753071984746,0
2.6306226316966823,0.9505138928651031,0.35465693833221734,0.3789019695607032,1.8459242203113644,1.1680325589137122,0.77,4.9696152536068725,176.61460074436883,3.4163930281775094,0.6002456553661771,0
2.5961011553341717,0.9356835961370681,0.3545554050692902,0.23478093726134666,1.8942275222593765,1.1479290024005135,0.71,5.5641924994245695,168.61620631299292,3.6564805004706646,0.5756258950332597,0
2.658143597787589,0.9367729459489023,0.2250680543010919,0.3335855478126038,1.8710372428900819,1.152926385191836,0.73,5.963908441360342,163.10357390142696,3.6412925997090264,0.584933840976708,0
2.549963969005788,0.9269539132769505,0.35357181694247297,0.29406491254159844,1.8742697066778011,1.1559104121498764,0.68,4.891802768183224,167.97668534202927,3.7499470132438057,0.585487589785786,0
2.570443124091081,0.9225417209210122,0.28579797757025605,0.2655730918988547,1.8592767417922758,1.1622861176804644,0.71,4.813999549616229,162.61925876565044,3.6203424282972976,0.5932220257038558,0
2.516414614895502,0.9487166731285588,0.24819560105881233,0.2900549008552921,1.880386146396599,1.1912020565720225,0.72,3.3365240310396214,161.1348874423777,3.4950202984659753,0.601499893714904,0
2.59353787841067,0.9336031752483805,0.2604254469515004,0.29449440485483375,1.8734964661424243,1.1343570319687306,0.69,5.764567742569026,164.84378207927622,3.758750548421261,0.5747955729487816,0
2.554811358632561,0.9424203972051091,0.3840130879253506,0.35136326602413404,1.854989247480652,1.1621427616146622,0.73,3.1880535425450427,168.35903220298076,3.499741587167892,0.5944496948575486,0
2.5612650604674854,0.9334353739011614,0.31143993723388064,0.3458598248845459,1.8558747079747735,1.154018810273059,0.69,5.032962173145017,162.60284020093735,3.711978348503602,0.5900269611175643,0
2.5471174510504424,0.929123841487953,0.2885577602542841,0.27169209358741747,1.8519854942826608,1.1791294118927207,0.71,5.228420262941363,173.87677915998927,3.5874893676766795,0.6040666876605255,0
2.5185054625624947,0.92214195191518,0.27406232386666973,0.27448170430007757,1.8669484010423893,1.1598675268245047,0.71,3.996679466833119,172.66379803692158,3.547190792341542,0.5896786749514272,0
2.507962397921223,0.9422881868222323,0.29511907853140973,0.31068019620592274,1.8600494841741901,1.1676472252303864,0.73,3.3106677316722926,176.08727242210261,3.43556492865921,0.59572333997595,0
2.6125189133355278,0.9428584068557302,0.318145508398459,0.3218989356765837,1.8629771339298777,1.1650375507522217,0.73,4.274500739114293,164.8380310785181,3.5787930319664767,0.593505411048685,0
2.6421470384661414,0.9234287915442292,0.26411900785563913,0.27117713094441637,1.8688927267527276,1.146579280813919,0.71,3.7195057280567942,167.5665324780928,3.7213338569945655,0.5823472580473996,0
2.5040751359169606,0.9268924539245299,0.3900876911664467,0.273362834420204,1.8406417547955738,1.154715952932937,0.72,4.781817884633619,173.17778751030258,3.477882133218001,0.5950175760567277,0
2.564845421829024,0.9575458171654084,0.35882600510283047,0.2619816221905812,1.8687636026594068,1.1986569679172634,0.7,3.104695798661291,168.12923969206952,3.664064888327178,0.6088374278649387,0
2.532018153915802,0.933488194274242,0.305296147890304,0.232389190965598,1.8637766073414106,1.1971784480598973,0.69,3.1444856572668494,167.68139927798438,3.6695915274142066,0.6096306695905981,0
2.6071600679802476,0.9503069171035906,0.30934782668183125,0.35156749275754917,1.8887061570257466,1.1585338015556217,0.74,4.7184457629674785,166.93838058313926,3.5231892810543886,0.5825565518881344,0
2.516673931399095,0.9292151542348129,0.3003498790978185,0.2620768112624635,1.8768964501991565,1.1934562755412075,0.69,3.4143510217796234,169.93289444267756,3.647353523766805,0.6037019670003334,0
2.5166966326217706,0.9338779001387931,0.30081796806689803,0.2645113888075473,1.84435337327901,1.1694587619271801,0.7,4.077929752412995,168.16185371388477,3.595280903745387,0.6014641052387372,0
2.6877409241250834,0.9339537908017419,0.3091998940579036,0.353926323842368,1.8563576409991396,1.1438207004078773,0.73,5.624956242986607,170.94449742728412,3.681836882363128,0.5846685066354799,0
2.6428077064656055,0.9541985357751291,0.3919359569675367,0.3416366851606242,1.8570404931209379,1.2158801509905621,0.77,3.074127358915223,179.7418354826117,3.432217800604682,0.6212851268353522,0
2.6199250657782067,0.921092455749338,0.3178138774636321,0.26234159565472037,1.858999787207717,1.148433210455892,0.7,3.4486822551037655,169.70837244776845,3.742750093968867,0.5862344743246882,0
2.6310641273310686,0.9555389111525829,0.2422980837665215,0.31959856158912314,1.8894807140206258,1.1585572680047007,0.75,5.715763195955526,175.5004480937423,3.5080855031080915,0.5823415426145666,0
2.6856532046121178,0.9309279903527515,0.3269027564021816,0.25462414892767987,1.857436341547946,1.1738723506765811,0.69,4.140659205326158,173.36973614127072,3.8922510211769827,0.5996988641522205,0
2.4704016986891806,0.9313304174799392,0.30703000839528904,0.34351927017002937,1.8541270011940636,1.1676356514218438,0.71,4.100119469307386,171.1422989679102,3.4794390122382826,0.597522909569523,0
2.46967522811412,0.9321560122046647,0.34660021175784694,0.30822603468424103,1.820674728160326,1.1571503256504048,0.73,4.659783964420186,174.77394419061756,3.3831167508412605,0.6024707404562741,0
2.627032107011949,0.9517508703379411,0.2682875770089627,0.2725990032944573,1.9091784778848084,1.1646308804507326,0.73,4.318516331568794,172.7467237797031,3.5986741191944507,0.5796552637159514,0
2.6225178763755883,0.9338675690094155,0.2739371938576579,0.26176558138643957,1.846850124743779,1.2082195637650406,0.69,5.322875636544433,161.35044578090907,3.8007505454718675,0.6206022479126645,0
2.5157727906573584,0.9264036785836486,0.266272742210866,0.29757050339451635,1.8345637723286472,1.1387322822837254,0.72,3.8434999413712188,174.91397424172592,3.494128875912998,0.5886248355168079,0
2.5775943872035407,0.9230075925038104,0.253908195705721,0.3143308218793976,1.8900764998875328,1.1321079347686578,0.68,3.45363574284994,178.10235307996874,3.7905799811816774,0.5688765908409238,0
2.68678573668062,0.9478348221110715,0.2904086627880936,0.3385362446197086,1.915453003943708,1.1760473594153527,0.69,4.663941544492584,176.09926313086868,3.893892372000899,0.5835151487601742,0
2.5866094058768967,0.9338052076082793,0.3464267370376401,0.3378715399415789,1.8647991490626414,1.1822524234946135,0.7,4.4121678098236945,167.58869418121535,3.695156294109853,0.6017166813506803,0
2.579407682644278,0.9397306645937232,0.3400632501557386,0.2675898798609547,1.8777736342263753,1.203161672198247,0.66,4.0785871248806895,178.0497069232847,3.9081934585519367,0.6083414458444204,0
2.4935705320011428,0.94745892641794,0.3776795295054663,0.30491713234155243,1.8573999807034631,1.178045154638459,0.73,4.132990888176139,162.0309257099246,3.415850043837182,0.6018418137590281,0
2.5673986470382046,0.9238742669974789,0.2889954612656775,0.28350645208137526,1.8794453859918125,1.127842871051989,0.71,5.730972084391475,167.61827914650368,3.6160544324481756,0.5697772108457929,0
2.693617402376235,0.9288450068129486,0.2325173365085842,0.31811158903901815,1.8531481123045617,1.1838165968126582,0.72,5.380663612614526,160.09918781721765,3.7411352810781047,0.6061069252018206,0
2.592127037013103,0.9442182692689343,0.283136330708629,0.35726194602648575,1.8772295612934826,1.1561324570031002,0.74,3.599948704063552,167.19068198953045,3.502874374342031,0.5847234330477896,0
2.6443524713636117,0.9164065367140719,0.3740066797141415,0.2589364967824993,1.8591938056697803,1.1744426978093978,0.67,4.329363636329266,160.8247724710005,3.9467947333785247,0.5994520268544319,0
2.5712377248890244,0.9467993811651653,0.2593242745383454,0.330419710358912,1.8621003342720477,1.175143366666957,0.73,5.2597069216152885,175.00778085434348,3.5222434587520883,0.598921138812681,0
2.502877484075452,0.9191032071948458,0.37067209912769006,0.3414458854345487,1.856879730023381,1.157255057431988,0.71,4.556463394825721,165.4606834387976,3.525179555035848,0.5913777120161395,0
2.671410465229074,0.9341813204335706,0.3003394407471904,0.32364571999291586,1.880063479554337,1.1559699167999988,0.74,5.801212066296067,171.00415577286046,3.6100141422014516,0.5838044733091986,0
2.585370882360307,0.9267795289215929,0.3080180686508287,0.26046418698261636,1.8509504664134895,1.1456050632351473,0.71,5.1344527787661765,171.8356700425543,3.6413674399440947,0.5872035620366923,0
2.558034248745999,0.9489536690811846,0.2771821927162543,0.28252401533052424,1.8694093931421887,1.1818051210043943,0.77,3.421281334961941,166.1706096816673,3.32212240096883,0.6000809811914356,0
2.51777784949257,0.9397908641432045,0.27336799807774026,0.32556048138288507,1.8388299967379989,1.1748795927638762,0.71,4.198498781108176,164.912465955557,3.5461659852008034,0.6059734967689598,0
2.7110825134556564,0.9379030025199973,0.33979525383110887,0.3189161237740752,1.8868247172230685,1.1453340322179062,0.7,5.571484787376021,171.01969240567576,3.8729750192223666,0.5764645578894895,0
2.5939047549685466,0.9359734427031492,0.29026500386043885,0.34968608508965343,1.903656531485477,1.1661402604158995,0.73,4.203017894685396,164.78548846790645,3.55329418488842,0.582006068450935,0
2.534096942958777,0.940877836118931,0.29765674790479846,0.3512641569430358,1.8898450328884135,1.1655447613545666,0.71,4.5289786831866925,163.14342445654336,3.569150623885602,0.5857464988932773,0
2.633634486164346,0.9193135222517554,0.323489974191307,0.2743713695493136,1.8619808194075862,1.1555828077043295,0.68,5.445396786704309,174.88870331001115,3.8729918914181556,0.5889878210191953,0
2.5754052742956413,0.944586096487441,0.2563182207193119,0.33877713270354387,1.8320116584175068,1.2053256691469147,0.74,3.060241739977833,166.40081757136844,3.4802773976968124,0.6238708052798119,0
2.697623394514614,0.9332552321521074,0.2787446947195169,0.3117836662183641,1.850310383700076,1.1863606927518808,0.7,3.2330404282727874,168.95372952944638,3.853747706449449,0.608293276120055,0
2.516538660515539,0.9417014549509172,0.35411987144298895,0.2919414240294588,1.8701024818625878,1.1473042615003988,0.73,3.7951627380089747,178.2465140566489,3.44731323358293,0.5823576550270149,0
2.5489500678525596,0.9318314802221742,0.27595583656786105,0.32319542468845147,1.8360615768437403,1.1581229246084817,0.73,5.298269041241243,162.54539760802103,3.4917124217158353,0.5981849639805924,0
2.549325193306875,0.9425989209888224,0.3169665979645864,0.3403575992614927,1.8459096554281278,1.1347551206615745,0.73,3.8284040658697247,161.28278256115357,3.492226292201199,0.5831489234334017,0
2.610411582618991,0.9378445947471714,0.29622369601071086,0.35083116027940053,1.8501440810821783,1.1390254986225687,0.72,4.24177097194715,168.59437864146466,3.6255716425263764,0.5840724845266295,0
2.5861726049321394,0.930865767835931,0.28340328373003876,0.2987533885140799,1.8665688739766622,1.1802794550174864,0.66,4.032170314290573,172.29709810245828,3.9184433408062715,0.6001719393792729,0
2.5388731136188154,0.936255386187159,0.27702762319643603,0.2912421733603433,1.8217000513711787,1.1454480076788949,0.73,5.4008650773588265,169.30999830574785,3.477908374820295,0.5960597268348878,0
2.6295658057734825,0.9519218018966167,0.2965128662629182,0.29367916446563413,1.8984337306761834,1.158174131267565,0.7,4.82019429076406,160.17035750301497,3.7565225796764037,0.5795409242195332,0
2.6018568732202065,0.9410874317547799,0.3056294615760228,0.2949035883275258,1.9086769749637924,1.190359143980312,0.72,3.6520449972170956,168.11566981861426,3.6136901016947314,0.5926085472263498,0
2.530813672603073,0.9184045451142517,0.25424265692815573,0.2943803234454842,1.8347440112188558,1.1604890030362862,0.7,5.6499769247556415,169.61975383330224,3.615448103718676,0.5998152708094948,0
2.5355968228696533,0.9526869051749177,0.24680280189259962,0.36123815295517836,1.892553065270181,1.185979909370853,0.72,3.0327137311525325,178.93565986380156,3.5216622539856295,0.5952061854925,0
2.758044566587366,0.943087488367392,0.35395002346641,0.2474621887793312,1.9071735857981758,1.1610736844762002,0.69,4.254188671910472,161.5297789192074,3.9971660385324146,0.5784620187767596,0
2.624291588344389,0.9391002348871266,0.2813473195778099,0.340032421132316,1.8809760863849896,1.1511836660883434,0.76,5.389660688584041,173.76309730298354,3.4530152478215648,0.5811194158275258,0
2.472204204687899,0.9133343191155725,0.2598322203639235,0.28716288588292627,1.8466785218488149,1.1598195723973437,0.68,4.38000356173445,167.8924387117367,3.635594418658675,0.5957940971659926,0
2.5686789048514242,0.9415432619813184,0.32441813787343077,0.3000756687979461,1.8486345043330743,1.213807764275864,0.74,3.84386990896575,177.47024086362572,3.4711877092586816,0.6229017096724833,0
2.6751282143183444,0.9290540088572901,0.2628583259098074,0.2843454927821379,1.8621191636202206,1.156853675151272,0.7,5.755852822137815,173.1883713815201,3.8216117347404923,0.5895939943916615,0
2.590972189466669,0.9469963644325358,0.31502864060180047,0.2840486435015053,1.8716968007281678,1.1980513925452427,0.75,5.004262274759888,167.87691049576176,3.4546295859555585,0.6076245557140378,0
2.5629309521639856,0.9334172929477912,0.3666046707532322,0.32072391701060093,1.8583251474752847,1.1635398548798153,0.71,4.62532491348772,172.79195903696066,3.609761904456318,0.5941504945590246,0
2.5511016383464873,0.9407815416202595,0.31928583687692014,0.2779232689475906,1.8785074040735026,1.1352726180436794,0.74,5.782013035898574,168.9288835447425,3.447434646414172,0.5738025623286994,0
2.703410382291978,0.9383504673787952,0.3002609418023447,0.2319469671868953,1.8787943801184739,1.1821001923787782,0.68,5.727120073404086,174.34811186445708,3.9756035033705555,0.5973840456874573,0
2.5457050150928673,0.9322616680884335,0.2611465238915772,0.2851784519554344,1.8422309117595177,1.1790249947445908,0.75,4.037055979690152,175.80329625222666,3.3942733534571565,0.6070467664817883,0
2.65021163901129,0.923354206037501,0.3513227839510301,0.3002200321595364,1.8266425818913752,1.16538031009525,0.68,4.047597051566163,173.87089074365886,3.8973700573695442,0.6048762344654514,0
2.5778035592516244,0.9326615355315089,0.3128555304074717,0.299376011920958,1.8433449779389108,1.174791363182253,0.73,3.8821316169086177,167.47134258671372,3.531237752399486,0.6045202352225816,0
2.5946804541504798,0.9374730085582068,0.3624903399471311,0.3214339565727832,1.8885730097675755,1.1400144612636829,0.71,3.8500645349585705,160.696545996084,3.654479512888,0.5732826784151757,0
2.499566659427396,0.9179330787203636,0.276615811561011,0.2695754910695053,1.7920203520456623,1.1831667606319765,0.71,3.430312144765792,162.76584504785794,3.520516421728727,0.6253456837040523,0
2.5998555066564077,0.9400143001871984,0.28956961530944336,0.3521519037586115,1.8325513885587768,1.1452862618489712,0.71,4.922261579207764,169.2773223423614,3.661768319234377,0.5926291371237905,0
2.655841541815663,0.935397220544859,0.31498613510977247,0.3135856327290397,1.8352011069744705,1.2002010309088844,0.72,3.8993251616398354,171.70422719158572,3.6886688080773102,0.6201944731135985,0
2.5550137598364775,0.937256333796106,0.3143056346200318,0.3009663537129717,1.8650012168245493,1.2004081754414773,0.71,4.344516887877205,161.86861620620658,3.5986109293471515,0.6108943674759357,0
2.6144116284347065,0.9463904430344404,0.320046275616396,0.35284368022187956,1.8697125739952072,1.186856779308266,0.73,4.429896319953102,169.25937543530884,3.5813857923763104,0.602553283650386,0
2.48837368410308,0.9333673580062098,0.24780182900960168,0.2531347282470368,1.8285377584828122,1.1316170459339259,0.73,5.00965762766675,165.72274535812443,3.4087310741138084,0.5867746384308146,0
2.505398404439753,0.9329882174842452,0.30866257053031243,0.29136741758751616,1.865618488727795,1.2020904040030502,0.71,5.47528969600933,161.36425474244948,3.5287301470982437,0.6115583521912626,0
2.6686735553159586,0.9289543386950057,0.2556846192351043,0.2697109994410951,1.8779072843272981,1.1462252606767496,0.73,5.906907297733248,167.07039311577148,3.655717199062957,0.5795141510217906,0
2.6058808858277978,0.9458102923076129,0.29034624749902194,0.31732266334935105,1.8759403658150624,1.1588365223495538,0.7,4.3178240620099615,172.6641221785907,3.722686979753997,0.5864734292583478,0
2.591688162141838,0.9433159662367138,0.292075512094794,0.3451351114961441,1.8784407626340063,1.182253973783493,0.72,5.561491336904378,175.52036376175062,3.599566891863664,0.5975685479758786,0
2.5231844917485935,0.9245618587327185,0.3003050907180167,0.2536739496454167,1.832681872865524,1.1572086509830972,0.7,4.599100750487455,175.23283649311776,3.6045492739265623,0.5987579576494614,0
2.720315939745861,0.9235289344918225,0.2703791863808902,0.2970860304327748,1.8634798323735509,1.1701889014418296,0.68,5.80297448074844,170.21141018611337,4.000464617273325,0.5959770414485224,0
2.5537458915038744,0.9360983007803239,0.26265588685926733,0.30120846640907745,1.8849097375585828,1.186291065784444,0.67,5.2805722972602585,161.89822590342263,3.8115610320953346,0.5976549176707496,0
2.645241186213875,0.925820720207554,0.32601348412193076,0.2730368008386195,1.8823615575063495,1.1462895615496826,0.68,5.057481020650665,171.9128691026138,3.8900605679615805,0.578244446483124,0
2.6314245089720183,0.9336742290021175,0.29749955396775046,0.28797908120883253,1.844882075835051,1.1573564034701351,0.73,4.253124681150272,161.0254316611953,3.6046911081808473,0.5950779318963154,0
2.503697730120499,0.9160039048329591,0.2911258612994837,0.2973483219668146,1.8546671063906388,1.1532831914896098,0.73,3.910774549274808,168.50109567713034,3.429722917973286,0.5900151425882372,0
2.461563963599629,0.9339145110600398,0.3015053144088081,0.3045761874672648,1.8614192126850568,1.1637040343783767,0.7,5.420683329558246,173.17921165063845,3.51651994799947,0.5932969488890346,0
2.6568474509088995,0.9400116900672034,0.3028664588241362,0.25973494611237824,1.8257106546264457,1.1988365499528308,0.72,4.741965788291839,162.46832983399284,3.6900659040401385,0.6225424089920634,0
2.583534201242167,0.919452720222424,0.28960035992066646,0.2612240540993386,1.8527481607483605,1.1588544488204668,0.68,3.2344861362643735,172.4301825183065,3.799315001826716,0.5934479786560668,0
2.5997543561517005,0.9275582947943777,0.4068648892351411,0.3002928011368309,1.8433667409040688,1.17746261270065,0.7,4.305294801285746,173.45954502595103,3.7139347945024297,0.6058880127550631,0
2.576066462742856,0.940866995559037,0.2438422270804338,0.298118422968273,1.8462349249340282,1.177405392556767,0.71,3.435170707998079,177.80990455612465,3.6282626235814877,0.604965709674888,0
2.590821508558138,0.9493048481617953,0.3135510221033003,0.3424516276590547,1.8656070524978936,1.2110990197672242,0.73,3.0827429019535524,164.33527768641872,3.549070559668682,0.6161450317489243,0
2.6100378758538882,0.9356208425649443,0.38105431071156615,0.31041981840981114,1.8513267150318888,1.211260529888048,0.71,5.976491624191663,176.38626660562036,3.676109684301251,0.6207369173789298,0
2.558230248683461,0.9271607287586682,0.30305855982856006,0.2602921599373728,1.8477719119143015,1.1708884138950237,0.73,4.627071420182643,166.8802330210836,3.504424998196522,0.6011424678284101,0
2.523881609130842,0.936646995734303,0.36211381115992125,0.2893745923334275,1.8299176758720261,1.2095268836807989,0.72,5.437195566465567,167.76004949957206,3.5053911237928363,0.6267246001227895,0
2.578018785212739,0.9306783571041402,0.28812719636648365,0.31277736317506777,1.8533801471986613,1.1583173691791937,0.7,4.350928164967909,179.3024908646965,3.6828839788753416,0.5929810287261977,0
2.523858056791696,0.9339015550328549,0.3133217157282778,0.33438547538074037,1.868791004364541,1.1826610411466842,0.73,4.905495282259308,170.16324688602106,3.457339803824241,0.6007042080773866,0
2.8601231542262973,0.9401599067783907,0.2644655179153922,0.3327994580362291,1.8821501379366026,1.151866994233781,0.7,5.971125348037286,177.39998835810852,4.085890220323282,0.5811199526151244,0
2.554521730782214,0.938087588343026,0.35468746201926177,0.3230251839070863,1.8677710678734543,1.1674171787600842,0.75,4.96366824034353,173.972739164459,3.4060289743762855,0.5932687993129696,0
2.6642687252535837,0.9390293695698722,0.26065731619284305,0.2806094409652813,1.8651715228803536,1.2133006119021008,0.68,3.488219267264138,168.38042096825052,3.918042243019976,0.6174018897463794,0
2.5378840015487594,0.9467581003694956,0.25279181435478476,0.3546981686816378,1.8819928487674242,1.2017728564442434,0.72,5.3597020901656105,160.8640399486409,3.5248388910399435,0.6063457076505651,0
2.5632092628895085,0.9330947896599767,0.32449969021598934,0.2939092220573939,1.827449141251412,1.1608336344368553,0.72,5.788047906529198,169.85390518912598,3.5600128651243175,0.6022642100341877,0
2.6558563398288664,0.9162754885844522,0.28204158780231925,0.25863140259415063,1.8678586863789106,1.128645998268868,0.66,3.9669406953587814,167.48926594412922,4.024024757316464,0.5735401663143344,0
2.6145979620233333,0.9103254939689707,0.34032477065601086,0.29132145839514256,1.878378027109991,1.157729661828581,0.69,3.670802108528868,170.49293955415598,3.789272408729469,0.5851913264118633,0
2.592750895974652,0.908571320550897,0.2612699757890192,0.26427189310141924,1.8666567464040724,1.1371734232461244,0.71,3.7943342569028484,174.62181195507088,3.6517618253164112,0.5782266912237662,0
2.622542282578919,0.9258365162022308,0.3102783525220273,0.3151711119171129,1.8767458716516914,1.1316611082018915,0.72,3.5009218742518122,170.74357636164254,3.6424198369151655,0.5724868959793601,0
2.600993675215292,0.960320744931565,0.2808629108924576,0.32666208763600785,1.8855883125007584,1.2054320384183481,0.74,3.634866334140604,173.42284188435343,3.5148563178585026,0.6070906193541001,0
2.6463760769954052,0.9098385368923091,0.39741344172238247,0.28583614340673547,1.8325004255376407,1.1141673404229715,0.71,5.065462095946084,173.98912658650772,3.7272902492893034,0.5765418344541886,0
2.5476866187106166,0.9367294381915664,0.3325752263440686,0.3266175846950513,1.8464686038134208,1.2021656161312886,0.74,4.104750033676426,175.5889366328599,3.4428197550143467,0.6176136690702679,0
2.6390528166304708,0.9452498113065725,0.27366632279503955,0.3117776880639468,1.8479049772309946,1.194459492934654,0.75,5.658644931596178,172.99528050173794,3.5187370888406275,0.6132021360880826,0
2.460601046571809,0.9304237388715997,0.3881900932452743,0.33064485457294995,1.8400765879753742,1.1749093646831192,0.72,4.0759382233629875,177.61439226675077,3.4175014535719574,0.6055994757965878,0
2.53580270200825,0.9212648897863823,0.33853359473029676,0.31497858339398827,1.8298247279663484,1.1516891019645894,0.72,5.754815546993962,165.99994806255094,3.521948197233681,0.5967843013278417,0
2.5119550548380554,0.9329085833670243,0.25981543100827686,0.30549147128504844,1.8328613399645601,1.1797444945344617,0.72,3.399459008069603,176.71549810178283,3.488826465052855,0.6103616799310047,0
2.6051676817900953,0.9354178170491116,0.30622177932724337,0.2854246506569077,1.8543730022534852,1.1527563262184737,0.7,3.1014149612995534,172.63375331426676,3.7216681168429937,0.589834348350745,0
2.628804463089121,0.9358725157582833,0.3130348289260521,0.30338861571137843,1.8521917186138617,1.1815304398790087,0.7,5.348895178812818,172.26629272157425,3.755434947270173,0.6052327896964674,0
2.698772625307445,0.9577529228303089,0.2977688504560082,0.29720826487632096,1.8743399013898234,1.2147381808716762,0.71,5.303069104849661,163.72749186875896,3.8010882046583734,0.6152629443474091,0
2.6538657899866567,0.9243680284249973,0.25888660063903035,0.31734782253664184,1.876487914257687,1.1605099333883113,0.68,5.094284858086613,176.88123476364606,3.9027438088039066,0.5871576168094942,0
2.6100845836243063,0.9345775538077683,0.2842016212209224,0.3320909466251389,1.8345322916970126,1.1697797372783723,0.73,4.264294839285357,172.03159350465268,3.5754583337319263,0.6046834898021871,0
2.5792382633140676,0.919434939742874,0.35347321171360335,0.3059299416011304,1.854762688603325,1.1668315803995821,0.73,3.5990515022014247,163.61671792803998,3.53320310043023,0.5969172560958187,0
2.597210540916496,0.9331829036259215,0.39108701251930555,0.2680363092266559,1.8680711841614852,1.1687699264582503,0.71,3.6907672409122165,160.99556034779474,3.658043015375347,0.5938656771483677,0
2.6200639219064894,0.9299059775623233,0.3458221972054008,0.29738096833826744,1.8222864828560534,1.1811513851738384,0.72,5.403232936440294,169.73122079564996,3.638977669314569,0.6144512775322296,0
2.5666782717141663,0.933618471733918,0.3130900041462408,0.33639164516122666,1.8801919799804314,1.1638439141752355,0.7,5.823332492901068,165.65264467104643,3.666683245305952,0.5877429693391328,0
2.5545246132463415,0.9503980325269922,0.2841198965288344,0.29750600292545915,1.8664807209971053,1.1983757187124051,0.73,5.853889794557949,165.9332927834706,3.499348785268961,0.6094012038443825,0
2.5180317134769017,0.9137213378181558,0.28008856618094746,0.2670601788563314,1.8114665591710248,1.1403049308821551,0.7,4.123452617108839,161.5414332064254,3.59718816210986,0.5965602303692348,0
2.578840314514882,0.9336069704035664,0.2795355100778649,0.2963904272576062,1.8600052506691038,1.1717728032949861,0.7,4.956166295696919,164.47079748992016,3.6840575921641174,0.597841665421543,0
2.6027561020177563,0.929602338079741,0.2578904597630072,0.36814798575637536,1.8152016556866761,1.1706991227222252,0.75,3.9235388879433835,179.34753971387028,3.4703414693570083,0.6112667662155309,0
2.5557702615452245,0.9399174769478148,0.27935542952432135,0.32567113998848474,1.8381282102348586,1.2025069098884136,0.71,5.559356573276059,171.19639359329082,3.5996764247115838,0.6204475552949597,0
2.624940222421919,0.9178420402269678,0.4329081553594679,0.3361319782203971,1.8575648123964872,1.1598925901000916,0.68,4.777799518303864,170.70260940998054,3.8602062094439984,0.5925181034900855,0
2.7288958165246218,0.9289986482297341,0.34304807636718965,0.3080879262106954,1.8364582896465875,1.17200824347105,0.69,5.5826957328723985,170.11456461935904,3.95492147322409,0.6052328881738768,0
2.481635283599546,0.9298530616902465,0.26054456585307706,0.2872174398272006,1.8333438893196576,1.1690463945671374,0.71,5.238274812303866,175.37780223917383,3.495260962816262,0.6046758680777293,0
2.4991014556586815,0.9359383374692912,0.2728200621789066,0.2583763703484756,1.8425568289406833,1.2016665363695231,0.71,3.738731919870314,173.5200778970886,3.519861205153073,0.6186004540339841,0
2.5159012927782385,0.9273325577826905,0.28806590527339904,0.28442334009532694,1.8416040072371742,1.1883439205542283,0.71,3.0924332947856454,163.83407435335565,3.543522947574984,0.6120423712171849,0
2.492195284180346,0.9233589460253405,0.33020958199171657,0.2772870626224777,1.8673945346491163,1.1606735681151092,0.7,5.949535617983607,170.02535640336419,3.5602789774004946,0.5899546571232672,0
2.5525461429696548,0.9417018804151411,0.315333031475862,0.2666535172271239,1.8499724441830563,1.1869281107381338,0.71,4.3639175517015945,174.17843109648422,3.595135412633317,0.6086896839382768,0
2.4885496484547107,0.9202608315271722,0.2812525855307295,0.2679595862527459,1.830395366431271,1.1656960052684884,0.72,3.823911748613837,169.01521700885874,3.4563189561870984,0.6038638641282665,0
2.6031325181504545,0.941139412457865,0.2837539222575073,0.3163671623497753,1.8578241094198624,1.2030402445455628,0.75,5.435218791395468,170.84055137847432,3.4708433575339392,0.6144782050426607,0
2.460394962098817,0.9521517465178317,0.2860800177516428,0.3119091672335764,1.8620218482022408,1.2168594796069199,0.73,3.513832420744,161.62447385965874,3.3704040576696124,0.6202068956173462,0
2.610598014521986,0.9442388585907194,0.2687645084223254,0.3548092853117305,1.8523328206247343,1.2026572595413685,0.73,4.521024700340442,160.24124958140328,3.576161663728748,0.616010368127974,0
2.6147477181043794,0.9333421591315114,0.3212389985162598,0.30099678796797785,1.8330211454465855,1.178204080868532,0.72,4.25772328116994,175.37676909467282,3.6315940529227495,0.6095143261334224,0
2.6560640217154052,0.939423822290378,0.2957376550705745,0.3192799605619108,1.8390886447129848,1.1904122392374366,0.71,3.3797946948329027,175.50097108183067,3.7409352418526836,0.6139029499673213,0
2.5969078155818806,0.9254133501244368,0.26354573765632805,0.23625400997246873,1.8750143453677421,1.1597983659017594,0.69,5.025663755134213,170.17388136563676,3.763634515336059,0.5872354135664813,0
2.568592389054379,0.9610121389870069,0.2706466950688362,0.31896668937073075,1.9351456453562121,1.1624017877205701,0.76,5.6493006799463,176.30562603768286,3.3797268277031303,0.5711639313741178,0
2.6490775443196823,0.9220545266326547,0.3530124674857319,0.3356285977480188,1.8219069969621156,1.1871921320991115,0.66,5.786258144840862,175.63598520858574,4.0137538550298215,0.6177157031925375,0
2.6164562611975337,0.939913466604497,0.36593641427876944,0.3182190448666315,1.8543707004849903,1.191679922456057,0.71,4.668169870046779,167.15496948390592,3.6851496636584984,0.6097512217924335,0
2.717846287143882,0.9407939535199268,0.332112016581509,0.3656175734112287,1.8943433654440436,1.1484407159745502,0.71,3.044365238111749,169.81455206341985,3.82795251710406,0.5758490417816533,0
2.4847312039097966,0.9451768840131008,0.2848348838870326,0.37031929019143706,1.8555733097052545,1.1803422502939767,0.73,4.1595540371087445,169.48658626025664,3.4037413752188996,0.603578625478315,0
2.6172864792589796,0.9336625231803459,0.2975578686273779,0.32574442235528955,1.8712588093763671,1.2043616999873605,0.71,4.648797582401224,160.39084788276224,3.6863189848718023,0.6109607192413135,0
2.612917199710645,0.9336164875560659,0.3143039554647816,0.3106869127718531,1.8742609059131379,1.1444969963656708,0.71,5.904989839241432,160.00432793543754,3.680165070014993,0.5797090916087995,0
2.4641097954487807,0.9476563932106963,0.31803219021583384,0.33162164604469724,1.859243174859611,1.1964075013565045,0.74,4.3322933584548595,176.76762501040258,3.329878101957812,0.6106477831381154,0
2.4628963106438047,0.9233446145581848,0.2949641754459519,0.27891673802940764,1.7902348277072124,1.1500340097245965,0.73,4.05664253283235,179.5558856621451,3.37383056252576,0.6084080098765012,0
2.615422897448756,0.9345521399968035,0.4287668976032062,0.32246088614790586,1.859658097953861,1.1750928945425831,0.72,5.768838727596124,175.1230361280992,3.6325318020121613,0.599641792499178,0
2.5907915463085676,0.92355646422388,0.2653210780039491,0.32264719006846143,1.8672346218876292,1.171546179094624,0.7,4.324531439156505,161.43108140214727,3.701130780440811,0.5955294635728224,0
2.542569203629383,0.9120987020003439,0.3287831522232315,0.29102555085174997,1.8449195751591678,1.1735532523824053,0.68,5.868430649758147,172.173703435689,3.739072358278504,0.6033942314999654,0
2.5564979894920055,0.9323550170936278,0.267695455185762,0.2969176497777918,1.8736699094948919,1.182285269957296,0.68,3.953813176181682,172.51871761624892,3.759555866900008,0.5990288772553007,0
2.556682944504871,0.9280665935466996,0.27929992916523716,0.3178624858958597,1.8585629071408267,1.1659315361923157,0.72,5.2369439479655675,165.38093658273223,3.5509485340345432,0.5952995086046943,0
2.4687742540526028,0.9383870893904555,0.279835309435707,0.2839258708591864,1.8630091906735142,1.1874937090476163,0.73,5.5303444933390224,169.74732598303748,3.381882539798086,0.6049353791564184,0
2.5821924525376927,0.9425817393524726,0.27506500017921176,0.2932490803593926,1.8950813444975665,1.190530237025862,0.73,5.661020102321393,160.25540014169874,3.5372499349831408,0.5967326797523037,0
2.63294685600608,0.9220454385317944,0.3789932160882431,0.33136598778633086,1.849950316120476,1.1767817591206249,0.69,3.8911088325443317,169.3635503258907,3.815865008704464,0.6034932015405865,0
2.591515803260397,0.9459673040273952,0.3000216759425709,0.29065634234571414,1.8707509040136674,1.181478780511961,0.72,5.951923874770017,165.39187808838798,3.5993275045283295,0.5995069078013562,0
2.5447832524766443,0.937663437497968,0.3252335386703699,0.2952344768714646,1.8872115227762998,1.1690168659187479,0.72,5.228175433079809,164.33803669648438,3.5344211839953394,0.5882699715254942,0
2.787642954116263,0.934277562622347,0.27765689123160087,0.2857789828059233,1.85636192566404,1.1723108759946388,0.67,3.4542839401292063,179.48780958490883,4.16066112554666,0.5992300609697901,0
2.647727874216383,0.9360259969326541,0.3761217665001093,0.3718456869253882,1.8375394223055885,1.1504255559573806,0.72,5.278501760102505,173.46022311829165,3.677399825300532,0.5937559477310782,0
2.637949003321613,0.9225555477805236,0.23991299836315794,0.28170905082043546,1.8463840946404713,1.1568150111998836,0.67,5.501705835280481,177.85013603631702,3.937237318390467,0.594340559186272,0
2.571899644181896,0.9235283671515753,0.30793277300282684,0.2980664049607441,1.8299401005564468,1.164248431078778,0.7,3.546475855731356,162.91068201682958,3.67414234883128,0.6032562517059974,0
2.6391129739849872,0.9274387576255435,0.3534524431859769,0.3178251816853374,1.8642711616055305,1.17561652368259,0.68,3.5099256201752205,164.5889588075643,3.8810484911543925,0.5985001188540994,0
2.5010402149022246,0.9300399227568501,0.3747206138506187,0.2550207799012652,1.872768962534526,1.1862138925913108,0.7,3.3927291709638028,178.53732605311382,3.572914592717464,0.6012938743051369,0
2.5795550882628233,0.9290281296871636,0.35395645541927434,0.29405114615544387,1.8884326881009463,1.205577464901309,0.72,4.487826696803861,165.62022899676015,3.5827154003650326,0.6062953360783343,0
2.562094313948975,0.9281626207603434,0.30191031659395806,0.34647352336365905,1.8523482932482285,1.1384761185646903,0.69,5.149844411134538,177.58538888334036,3.7131801651434424,0.5831316689249875,0
2.6799926583111757,0.9224483189725374,0.31309680954471,0.31454538000287047,1.8646829930302082,1.188855659689174,0.68,4.136898136204538,174.78296222453702,3.941165673987023,0.6051132238161001,0
2.5747716643220895,0.9113435077161589,0.37301366964986654,0.2876663964655826,1.8360412303683358,1.1276794995955919,0.71,3.174439684987047,160.755342871373,3.626438963833929,0.5824666757644663,0
2.555092911416524,0.9301132603370265,0.28041880335506764,0.3308260568310978,1.8787541574168718,1.139402225105194,0.69,4.079063120300762,163.04052495489566,3.7030332049514847,0.5758179816499316,0
2.5382035837356143,0.923674641087934,0.2660960137694171,0.33726618740686,1.8084191615713123,1.161971773223691,0.71,5.1058385601481815,171.15355974804837,3.5749346249797385,0.6088661215636569,0
2.5517039590042,0.9415706918244575,0.32101433238437105,0.27893575272376137,1.8560000719793703,1.2190388122295928,0.72,3.2931357902140896,178.34109515212114,3.544033276394722,0.6232304536655711,0
2.5904826741975615,0.9395697016633991,0.3031042811487261,0.28649672705225393,1.8614717753922405,1.1552390901877883,0.71,4.669949223275042,171.52336865195429,3.648567146757129,0.5889654415020945,0
2.607608563152808,0.9398836978326145,0.23500601601014937,0.3269471298535559,1.8619901069283191,1.1877164764215151,0.73,4.811438350659319,173.9737645345102,3.57206652486686,0.6053631321724641,0
2.5578706685887247,0.9302090960509581,0.3581570192226787,0.257059441385589,1.8597128676151342,1.1601428173839061,0.73,4.952929069459443,173.4770645879485,3.5039324227242803,0.5919963258677471,0
2.4452841243918257,0.9271947270729207,0.27084480840885683,0.32216650852756634,1.8106184061138904,1.2310288824265583,0.74,4.037678114953427,162.27805319807555,3.3044380059349,0.64430912969713,0
2.48212667778873,0.9432514721449583,0.2989644193526545,0.28625926064927737,1.8580454215037208,1.1892107080663838,0.74,5.782084952412919,176.5877420287992,3.3542252402550408,0.6073458230366818,0
2.5134744108297826,0.931155700586255,0.26968710349039193,0.2896518792688905,1.8193109001927585,1.1174303452500949,0.71,5.984916974476683,174.64001289128316,3.5401048039856096,0.5822039280545273,0
2.6123763256471397,0.9310809368807346,0.3143467635454827,0.25186951087020243,1.827046562186334,1.189591145108294,0.74,5.510808230571648,166.4020954664045,3.53023827790154,0.6173131300774803,0
2.471946458598523,0.9326013646208439,0.2952515995415341,0.2687399861764699,1.8848394064711491,1.1569039739497402,0.71,3.3274790649737622,169.21280087084864,3.481614730420455,0.5828703169525451,0
2.5990429805148842,0.91919947478708,0.2786110194595559,0.2659183514727407,1.8219451315550788,1.1436821504570804,0.71,3.80374501982406,169.59890631870505,3.660623916218147,0.5950649327495149,0
2.60567517260555,0.9494446816023216,0.3330067062294766,0.31889324285655524,1.8648820705930256,1.1868438466068094,0.73,3.603651405391789,175.8852884211347,3.569418044665137,0.6040280301649886,0
2.598350324433566,0.9264884442709725,0.3137918348949885,0.27996813316646146,1.8736867905682022,1.1520631674130084,0.73,3.1587327785227037,179.0443254504926,3.5593840060733783,0.5837112417828678,0
2.614398457374087,0.9483367284579464,0.31268945807402904,0.3238446501980381,1.8653136417108347,1.1918068202207381,0.74,5.68866216066048,177.15624588524383,3.532970888343361,0.6064206724699944,0
2.524729780159777,0.9304700741995817,0.27753505735902384,0.27241291617754515,1.8635857414462886,1.2011356432609719,0.7,3.5648276318974053,169.57401051536124,3.6067568287996816,0.6117052176067796,0
2.5163347145115953,0.9491155649376222,0.3217671003788254,0.3384267760053306,1.8644774704245393,1.1832882108711726,0.71,4.128599830238544,166.7616676207863,3.5441334007205567,0.6023424695298005,0
2.584786556044827,0.9393982282137222,0.33744098521173294,0.2438906476897511,1.8819179216805284,1.1659872561063693,0.69,4.12503358340137,164.62108750986414,3.746067472528735,0.5883125851739074,0
2.640254928270647,0.9259000488727811,0.282687406000596,0.3657337636628496,1.8226297435562313,1.172976288608249,0.7,5.331556967623602,173.7289977881754,3.771792754672353,0.610089536240415,0
2.517349365006759,0.9480779725310723,0.39483076261487005,0.34948130507884306,1.8403694460610396,1.2153371851552393,0.72,4.343860665810245,168.3515841629724,3.4963185625093876,0.626343188212111,0
2.5973207070424884,0.9281679713770461,0.3437038507601565,0.26649798896163573,1.8847679615510504,1.1759325684134954,0.7,4.113329360371118,162.84574263481323,3.7104581529178406,0.5924786127112467,0
2.419866538226177,0.9324818504992081,0.33466051410679676,0.31161886537495176,1.8158462830535467,1.168174467861041,0.74,3.7957289509232686,160.98398151467555,3.2700899165218607,0.6097433171930482,0
2.6836277984859804,0.9480615397895547,0.271030376680951,0.25262638482733035,1.8862379595636731,1.215173011980696,0.72,4.580869565587461,171.64394384639897,3.7272608312305286,0.6117962886217516,0
2.5979196303693692,0.9280395097345917,0.3222572345878432,0.2617662402372671,1.8670144422212764,1.1577767358548479,0.7,3.342946813533645,177.46833283185632,3.7113137576705277,0.5885959507991276,0
2.4950584936777584,0.9364334380702755,0.34093506066797336,0.31585555784585573,1.8656536959888128,1.1395934798503657,0.72,4.851379127381971,166.61472396235982,3.465359018996887,0.5797529250324527,0
2.7462353019900654,0.9343440044235071,0.35906034976974704,0.28007014837744826,1.8449242776810155,1.20167444012474,0.67,5.469863621756236,164.22867465711545,4.098858659686664,0.6178515297045538,0
2.539940188775894,0.9098859147301701,0.3240160702986291,0.2894810814984611,1.8471134591364937,1.1495412933122862,0.69,5.782353591933011,170.05607345999618,3.6810727373563688,0.5903822850785927,0
2.454408876395536,0.9296396846193169,0.3071207389271627,0.31729468533174193,1.8847291269296846,1.14513909839452,0.7,4.89393821268867,175.05348092101835,3.506298394850766,0.5769750052320818,0
2.472297973822509,0.9346407925680144,0.40606051411927563,0.2994684777799229,1.851317465474623,1.1970142301952973,0.71,5.46586519312084,160.7037572418875,3.4821098222852243,0.6134389976897711,0
2.571707071463351,0.9377213145350574,0.2720572742077806,0.2569445052781631,1.8552783251113838,1.2078443313312963,0.69,3.6791209667408635,177.53260740959269,3.727111697772973,0.6177352430184028,0
2.5542860316593194,0.9238906552606355,0.29449573728202977,0.29861358564067564,1.8834938317965182,1.1531529164887102,0.7,4.542540730951371,179.8207027269611,3.6489800452275993,0.5813745916438067,0
2.593891601498635,0.9099543753515387,0.33715494377824473,0.21856468639068544,1.82381861411234,1.1387060975097665,0.68,3.851817770164558,168.92769887415727,3.8145464727921103,0.5918988875337249,0
2.587546471366074,0.9180793197521266,0.2950033001904846,0.32563913987458226,1.8440452029683836,1.1085906933266032,0.74,5.999321412435394,176.88839672108284,3.4966844207649648,0.5702494425715431,0
2.465447201080819,0.9228679219908043,0.2834032313063969,0.290457000573011,1.8517873562516711,1.1812999233813077,0.72,4.127499096470859,168.366851126068,3.42423222372336,0.6052400737188638,0
2.554942841374968,0.9313843614390045,0.23647848652200637,0.34900151194170126,1.8628778775948405,1.141838583897808,0.67,3.6693958209798843,162.1029956319921,3.8133475244402506,0.5817165687846709,0
2.5854354315011525,0.9454996463538862,0.32741251028449037,0.3034502933817157,1.893491733277325,1.18799599977761,0.69,5.316297573846523,170.04694114184872,3.747007871740801,0.5959372592052488,0
2.5638484755370814,0.9206094640795661,0.3133622807494904,0.2458548454616753,1.879541478595275,1.1292210282772428,0.72,4.3778331355385856,163.55081550463626,3.5609006604681688,0.57044575245706,0
2.418843963079406,0.9441547726399729,0.34859742553039824,0.29398501047112935,1.8696359941133618,1.165094303195306,0.73,3.38095032838998,163.8265333472973,3.313484880930693,0.5915277272944929,0
2.6185388981058644,0.9326817889700318,0.26912648376628434,0.2826914096525307,1.8792622394246656,1.1391919590296182,0.72,5.365293850457166,175.90707459535298,3.6368595807025894,0.5755639330343411,0
2.8592296503657835,0.9357166515734378,0.34500248981008796,0.33735044413385934,1.8860449171901366,1.167321900300648,0.73,4.446964871113,162.05905783647617,3.916752945706553,0.5877620844306881,0
2.60886268199077,0.9317730962402984,0.3157805405335141,0.3040349971888717,1.8258560590703123,1.1741207289238589,0.7,5.367287139151894,165.87763506183782,3.7269466885582427,0.6096617259602745,0
2.6695058622358294,0.9482637146348164,0.2975967472231265,0.28539332874322304,1.8916153747473352,1.1769883295404735,0.68,5.253615118013344,167.24557156085854,3.92574391505269,0.5909717029021184,0
2.597073919252558,0.9355470226974638,0.3215009874242918,0.24754447634711965,1.8794847061404751,1.1752371256961527,0.69,4.710744978197117,178.1851463553445,3.763875245293563,0.5937086162123403,0
2.489589976109183,0.9575470674540557,0.31761076359748386,0.2769580776578059,1.8384724921362339,1.2552479946825574,0.73,5.159999286660439,172.20051632034045,3.410397227546826,0.6475449096000584,0
2.871771482421049,0.932935414002095,0.2851872976472806,0.2861483698506522,1.8923481438635221,1.1615835797125156,0.69,5.568949710823675,161.13192375865827,4.1619876556826805,0.5830223915886485,0
2.6119527824049347,0.937620931284613,0.2602459357194685,0.2866226901442567,1.8827977494756003,1.1990870721087235,0.71,4.34632560425497,165.62155206209582,3.678806735781598,0.6047450237553736,0
2.6066144857826905,0.9336200144967417,0.32427587628988386,0.305485843726761,1.8835806249995137,1.1270041404551026,0.74,5.868444163129801,161.27697555186643,3.522452007814447,0.5681665399687894,0
2.6709752898243675,0.9353706973574967,0.36015162219309027,0.317948085086911,1.8319309674073725,1.1636765359636985,0.73,3.545827773642598,174.71872747857196,3.65887026003338,0.6023385698534239,0
2.511322731372481,0.9256390383333222,0.27446830865984717,0.3429572001581132,1.8458773324430744,1.141900677204577,0.72,5.908531656613251,163.88551615819452,3.487948238017335,0.5868307617165701,0
2.599092556375977,0.9343872773869754,0.3155563946680498,0.3095981973252029,1.8406051650716655,1.1797427445711337,0.72,3.6998717743699574,164.46011978234267,3.6098507727444127,0.6079251801473827,0
2.5466163510317394,0.932626308655977,0.25793220821960106,0.23919184599275475,1.884263503481505,1.1583916549435562,0.72,4.521002180954785,162.4147430697985,3.5369671542107493,0.5837892260332819,0
2.662554843339289,0.9386949954146401,0.23717319111229251,0.2634472599658314,1.8390026099229242,1.206584194468014,0.72,4.409645195044796,173.7712134978297,3.6979928379712352,0.6222705365600183,0
2.6205026102912425,0.924568468155783,0.3123044440010172,0.31122579640803905,1.8242644645681174,1.1587112370325179,0.7,3.180920101496401,170.35980916980083,3.7435751575589182,0.6021579977015162,0
2.627186617017093,0.9228771476541873,0.39112585880670636,0.3007234622884571,1.8587758287691958,1.1416710860693107,0.7,3.5729341336871387,165.2963537864724,3.7531237385958476,0.5828492823431888,0
2.589290327983696,0.9236862335534974,0.39147233408367665,0.28342560160905944,1.8311967631005828,1.1465034747591034,0.74,5.489788404785675,175.85135302857327,3.499040983761751,0.5936751224242757,0
2.468169265737835,0.9189917366664416,0.28350215759595976,0.3384928310876729,1.8181652408031226,1.1505656639718915,0.73,3.8278547690128315,171.6423582514731,3.3810537886819656,0.5998261460989448,0
2.716106145703985,0.940567637514818,0.2835662453055521,0.269843284530822,1.8859374805614213,1.1734052229730112,0.74,3.0192558431287466,163.63224628818588,3.67041371041079,0.5908570810805642,0
2.5933518143620677,0.9270538851051373,0.2720619225948181,0.242563189760091,1.8309787741509704,1.1626856486791355,0.73,5.473534585350657,160.36965645181084,3.5525367320028325,0.6021224387566638,0
2.6755800559939678,0.9372978599328258,0.43341340728132677,0.2686838382413309,1.8657672329590664,1.1740644745729485,0.71,5.856147036899774,161.8024695012541,3.768422614076011,0.5972550843701017,0
2.6126458183591437,0.9253088145122554,0.3259733941603339,0.3137040510001999,1.8244343845964661,1.161540712443788,0.68,4.5963870830277,166.69115282983503,3.8421262034693284,0.6035751188717983,0
2.463906746898453,0.9211933519880433,0.33494478330389976,0.31468027317604763,1.8381469998185427,1.1824439562513605,0.71,4.792967673682027,161.56976497477115,3.470291192814723,0.6100899242225,0
2.6362770005119334,0.9297305446902798,0.27547945599864765,0.30770677078525477,1.8752086268032495,1.1520650207875238,0.7,3.339583024291536,164.87413430972126,3.7661100007313335,0.5832624489151145,0
2.3872807200126593,0.9143280222238894,0.2832415651781646,0.26575172021672727,1.8383558932549633,1.1301102497330706,0.7,5.842182679138852,161.54680984994172,3.4104010285895137,0.583025157384976,0
2.7058429063369567,0.9216470106052023,0.3476571407147036,0.31081510242050236,1.8546877083366282,1.1622165581028754,0.68,3.636070302398255,161.48929465807376,3.9791807446131715,0.594579151005089,0
2.5503412273903376,0.9175667936141673,0.33179662571866086,0.3062950484195354,1.8511884022281901,1.1541784240566328,0.7,4.647697042386043,166.1639728673788,3.6433446105576253,0.5915258735335863,0
2.6150687789307647,0.9306415517173205,0.26111623534536443,0.28862074921473574,1.8470967572773929,1.1541662284410386,0.69,5.8952611902404355,170.27147074802545,3.7899547520735726,0.5927626473246755,0
2.6239261046512645,0.9419544698781896,0.3398083262640428,0.3122847042111306,1.8857945819184692,1.186522561941361,0.7,4.343001506133193,166.86766086463822,3.748465863787521,0.5975051864604575,0
2.5582802785798795,0.9269262042947405,0.27228323285049827,0.2681620351299471,1.871495280366237,1.1524461052440103,0.68,3.2791335462090974,162.05548303727082,3.7621768802645286,0.5845543312839809,0
2.674663594714089,0.9347333727988643,0.2978856483294784,0.2757521536843357,1.8825573734953323,1.1791278927644877,0.71,3.6456949832419014,161.1084234273346,3.7671318235409705,0.5947509557746797,0
2.469748390758641,0.9398462829475267,0.3493213115726179,0.30980728133476104,1.8707870423383564,1.173062327428741,0.7,3.2143486491215247,163.91782703141092,3.528211986798059,0.5952253095985917,0
2.515897675164665,0.9322306802428174,0.2929893683767987,0.2952827504322954,1.8420578211885315,1.1664329374639346,0.72,4.212232951090562,173.9946574501436,3.49430232661759,0.6006169974641035,0
2.590053411346142,0.9436567090305968,0.27198716992453076,0.32871510628278255,1.8754336632316329,1.18083015059505,0.72,4.767174191965736,173.36641000636047,3.59729640464742,0.5977574304688711,0
2.58773921125657,0.9375700790233442,0.2724060049536458,0.280271873265611,1.872957233419939,1.1524019414788143,0.71,4.347084918301089,177.89009309933152,3.6447031144458735,0.5840987944179773,0
2.7367170334061104,0.9251889565408716,0.33218175571365627,0.29632207091979346,1.847791614651572,1.15783432001701,0.69,4.033330315915469,178.24770624768348,3.9662565701537833,0.5944343898534175,0
2.600283615880342,0.9288513497036697,0.29389767654910803,0.24682281367879666,1.8493642376428,1.1462858372170464,0.71,3.4988977995498454,175.43903175304672,3.6623712899723126,0.5880306076627075,0
2.612457916471309,0.9445586152974039,0.3564880712258759,0.2747905423964906,1.879279158755725,1.2011486561439297,0.71,5.096529543993167,160.34055918342307,3.6795181922131115,0.6068616702350529,0
2.532317935822339,0.9324017241589011,0.3338812870517105,0.33362305312150636,1.8648289841527732,1.1419961194049064,0.75,5.894760656505395,162.16936443676596,3.3764239144297856,0.5812190926618129,0
2.5326389212182336,0.9440914920127653,0.3305708829813343,0.3330413199932222,1.8593898421162958,1.193851109543645,0.72,3.9907815934348245,174.79687834418672,3.5175540572475468,0.6092973862997021,0
2.5680357562826064,0.9328190240262226,0.27136082804669515,0.27819437140673675,1.8688366717585871,1.1791107307641442,0.67,4.562813249511649,176.52746056470872,3.8328891884815017,0.5988870218020417,0
2.654695824501304,0.9304102537027521,0.23761603856369795,0.3089061975641066,1.8771371977629692,1.1508814806308725,0.7,3.4953272919776457,172.23563377416068,3.7924226064304345,0.5820949006133902,0
2.6361469305380827,0.9277308734653661,0.282282351641588,0.31627137149388285,1.8623220256587598,1.176665615934538,0.71,3.223517589249936,167.27463889915717,3.7128830007578633,0.599629215056854,0
2.553418512710212,0.9298049795739124,0.28790995158962884,0.28689349442616524,1.8494838444558028,1.2050496022279207,0.7,3.5012797715411517,163.68232167578003,3.64774073244316,0.6181377730597759,0
2.651675693154153,0.9283363411416953,0.2473668819851253,0.2940996353514868,1.8649258242049487,1.154795787299869,0.7,3.2764983538279147,173.5291691007492,3.788108133077362,0.5877045194655754,0
2.578207266476004,0.925341485543789,0.34974263759722013,0.32493376523114803,1.8528458800205887,1.1586894334678521,0.73,4.85058785081444,168.25289211272934,3.531790775994526,0.593333782927937,0
2.5027023788652345,0.9426824322052647,0.32685576593478116,0.3333030708700913,1.8604951386892172,1.1730753935683185,0.72,4.965607398865025,167.41787563809729,3.4759755262017147,0.5983566959276594,0
2.5827744467319365,0.9354464026513418,0.3155439136295215,0.2602686461481278,1.850466382595659,1.180716132385204,0.7,5.9956942558435475,169.39793920751274,3.689677781045624,0.6053506704452501,0
2.6084032694662054,0.9286640813177365,0.33463985769320603,0.31575375648680387,1.8357390329452556,1.1858138601597958,0.7,5.975214956993072,176.72699356987786,3.726290384951722,0.6125897344517367,0
2.553049330596046,0.9206778775880484,0.2521512617217847,0.28636883316069317,1.8109978624793446,1.1409920793297585,0.69,4.325459156458077,172.85372618676786,3.7000714936174584,0.5970661201313046,0
2.6648554180682624,0.918777129705026,0.26966569978352606,0.3189295541487219,1.8701802582793785,1.1249351056738557,0.71,3.688031079147703,171.10705165624978,3.7533174902369897,0.5709808028714578,0
2.5570723855125865,0.9334840972931039,0.25747033348381987,0.23118367022496938,1.881568031016182,1.2065458807756972,0.73,4.47176542197395,166.39245792807,3.5028388842638174,0.6088844096646835,0
2.663215337849543,0.9095144867145664,0.29295821913413134,0.23108393161182228,1.8287118311668693,1.161463510208693,0.69,5.692965581503762,166.51225844827553,3.8597323736949902,0.6021964979112553,0
2.54201344960529,0.9172357137302574,0.23533450185386973,0.26208769832115875,1.8504563123177387,1.1823056165848178,0.7,5.045650739321234,179.76307185116798,3.631447785150415,0.6061687252968394,0
2.6383272328126424,0.9386250251276346,0.2642816819145658,0.2514879140475138,1.8669014648054614,1.1874932617494083,0.7,4.857138189194475,169.43479659207281,3.769038904018061,0.6037380534804059,0
2.531646995464089,0.9361568376240649,0.2791594530710342,0.2692818180375941,1.8551217067073942,1.1687653026201876,0.7,5.087106106937375,164.63263983077795,3.6166385649486985,0.5977966991060093,0
2.505330250313561,0.9185990503700452,0.30270338049271084,0.3143227313381611,1.8359508065758576,1.1631876394215825,0.69,3.4580838233473394,174.43071932138866,3.630913406251538,0.6008353288061736,0
2.51540881110618,0.9443838929991051,0.25761996275257026,0.32931859537899777,1.86401578861062,1.1852873862521456,0.76,4.143830053912611,175.01218723309017,3.3097484356660263,0.6035019642538817,0
2.558279323780987,0.9446579389255778,0.3123467610434124,0.3439489617904369,1.8767008563365917,1.1647279138555393,0.73,3.5770711135059914,167.5918718530067,3.5044922243575165,0.5892282133241561,0
2.5932645788423634,0.9343597588588751,0.25002672503205886,0.28772988052981796,1.8160242831852602,1.1805039113145672,0.73,5.8477707567324835,175.73943895790512,3.552417231290909,0.6161215813779038,0
2.6272198915402396,0.9454068938275215,0.2991390668768742,0.2840517360028495,1.8684603631734504,1.1819643221942653,0.69,3.5837531226941484,177.39860836517923,3.8075650602032463,0.600451166966229,0
2.761426237991265,0.9517789246269176,0.34902184546926207,0.2733475452043338,1.88435952679215,1.1919300776457946,0.71,3.5448988192491915,176.59324148645533,3.889332729565162,0.600662360601876,0
2.5763816435066134,0.9244762984946189,0.31043633598201237,0.31201668144952927,1.8521498074745,1.1767123355041675,0.69,5.7189859598597845,161.44706507336383,3.733886439864657,0.6027776818145337,0
2.5105424780051013,0.9247584103880955,0.27690929517286933,0.3022742388708677,1.8513505827853804,1.1285444797199564,0.72,5.847433676213624,175.8470223068898,3.486864552784863,0.5783401966186204,0
2.562568499840491,0.9491999824086362,0.23737089314720416,0.3981988151400708,1.871520316870176,1.1635962060247542,0.73,5.13649625921737,168.0242480384515,3.5103678080006726,0.5902024930039698,0
2.656144114873103,0.9388075313283268,0.26492575457184664,0.290877396219996,1.8759611812091574,1.181591568241912,0.71,5.99545278875706,162.13353825235265,3.7410480491170466,0.5979831888796804,0
2.6950704642946306,0.9281716607326942,0.27657115596041915,0.2728712685558685,1.8728768307653545,1.1526415412188502,0.72,3.151185203366907,177.84454941085426,3.7431534226314316,0.5842440456719725,0
2.4823788461566174,0.9321209873095977,0.33945115989937613,0.32315485353635187,1.8382588243728804,1.1882356830273104,0.75,5.158311447833526,169.78646834528772,3.3098384615421566,0.6130428341590353,0
2.5600775334206523,0.9271879789537215,0.29134196908470644,0.2866123696079644,1.834743153098664,1.1937739727145171,0.7,3.562110619680422,177.5404785334046,3.657253619172361,0.6170193551544976,0
2.686872909735923,0.9516960561990453,0.29790877774829816,0.30010413444328965,1.8376224306178384,1.1942418177031264,0.73,4.129185981179165,171.97195799753374,3.680647821556059,0.616343926882765,0
2.6135844653134126,0.9387183968507066,0.31756978207611264,0.2752886614863908,1.854927489304762,1.1711772930342996,0.71,3.882102278189368,166.50753378108777,3.6811048807231166,0.5990898892371755,0
2.5608278135330607,0.9554871673306171,0.33175609181475296,0.2924782033509593,1.8488968428115435,1.2042342502991275,0.75,5.607042075217091,171.55909925550935,3.4144370847107477,0.6179055883542091,0
2.564745424161379,0.9483640149083881,0.2576473998106512,0.26898126885910567,1.8702385438389062,1.1736191369868614,0.76,3.3522264105308626,179.1597332087795,3.3746650317912885,0.5956736257428636,0
2.675558862795387,0.9372591096553791,0.3797406132286934,0.29821529507974265,1.8841574893318995,1.1687409220877016,0.68,3.926896435665201,172.4430105300273,3.934645386463804,0.5890363685199389,0
2.598370144626182,0.9371219684978627,0.33025517287328954,0.2945242866887319,1.8793750118783066,1.159972016747411,0.71,5.269358010154395,176.28263451650747,3.6596762600368766,0.5860294334253862,0
2.48798127661274,0.9198010945821633,0.31568810472529113,0.33725297101513674,1.8467278886637708,1.141108561427911,0.71,5.244796308794098,177.2959806861811,3.5041989811447043,0.5861674700777852,0
2.5442848509002958,0.927073657859198,0.3312966076710945,0.3561916354205342,1.8371907939970697,1.1500606034426741,0.69,4.623758267297088,167.82643759057314,3.6873693491308637,0.5936744109080325,0
2.656245562655892,0.9670758356126957,0.2839528890461004,0.3425306651212736,1.9028882047205147,1.175820263365942,0.72,5.438902438869748,163.13200623930794,3.689229948133183,0.5870623535525875,0
2.545876758473166,0.933778042514586,0.3007591739437392,0.2769202414683618,1.8807527252073684,1.1909290719430943,0.71,3.2547218919009264,179.51199648435053,3.5857419133424875,0.6012507552240848,0
2.5725041886408335,0.9434736412406941,0.2975076525777216,0.3481680164059096,1.8637617510042674,1.1944236978153162,0.69,3.014516929428463,177.77087284030506,3.7282669400591795,0.6082324891013322,0
2.529295035544475,0.9200527306275906,0.27873470900526587,0.28065692636544626,1.8438798450994163,1.1367357369478492,0.71,3.309754048999256,171.8558163633919,3.5623873740063035,0.584776749351868,0
2.6001588787327337,0.9438040864239425,0.2509781709473619,0.3077218782225063,1.8883651701944095,1.1773551053085476,0.75,5.4548858733209205,178.92005335150347,3.4668785049769784,0.5921221730078049,0
2.653906644532689,0.9350944388439559,0.420687889144137,0.32818822229090044,1.870580991523104,1.1706908697111842,0.71,4.487101645928556,172.24450022292945,3.7378966824404074,0.5940841177029381,0
2.648910922780402,0.9298399228332888,0.3554884270621427,0.29744586509287074,1.8177217064753144,1.2171996358950505,0.68,4.152918972464612,172.44150114515813,3.895457239382944,0.6347112992386201,0
2.532132668066888,0.9277844752211053,0.2530735741011588,0.2972369028683584,1.8609774599613627,1.129953153087786,0.71,3.7030940970060566,172.58366853107947,3.566384039530828,0.576219347829755,0
2.599779571974786,0.9364016506640459,0.256381281277665,0.2828384108115268,1.8478390167215912,1.1780138225000256,0.71,3.3894890416401706,176.50594088010706,3.661661368978572,0.604779867528653,0
2.5518906439644637,0.9316655555407435,0.23663150194406302,0.3098491801810916,1.828999512271076,1.1323849778466883,0.7,4.737959078142525,166.2560494430583,3.645558062806377,0.5870322779467649,0
2.6466241401007915,0.942783088810123,0.3310554494470678,0.3134468719057494,1.8624370593894788,1.1639638204907627,0.71,4.921428976214645,166.2060918982184,3.727639633944777,0.5931216060773312,0
2.5050635497716454,0.9345884418490111,0.2542461915924775,0.2811744341637079,1.8968666088251944,1.1777869208818674,0.75,3.149894291155182,160.65118732579973,3.3400847330288603,0.589817524954653,0
2.67348744883534,0.95408730356957,0.27237512219815985,0.33796030180239084,1.863502921258568,1.2145822257778076,0.73,3.218508850331575,176.17684194687516,3.6623115737470413,0.6185792812568282,0
2.561725467485196,0.9386276109446482,0.32062658156489066,0.3519731852190029,1.8101152456173186,1.2101964076836904,0.73,5.185682805480673,165.2660040761542,3.5092129691578027,0.6335724561439089,0
2.512413671612548,0.9229470881801456,0.2634058545225141,0.29850968746744105,1.857031194331012,1.1805082087276342,0.7,4.305611511365833,164.38446844894682,3.5891623880179258,0.6032137924767096,0
2.4754297962825076,0.9418059051589435,0.3506403227854803,0.2741108334509609,1.8700342304502193,1.195330412691488,0.74,3.949391700613895,169.50647978474126,3.345175400381767,0.6067561640379795,0
2.6711306501471253,0.9311897175124194,0.2926345483910222,0.26916840606165937,1.845397694976451,1.1899991545429023,0.68,4.450737008355141,177.16408994379216,3.92813330903989,0.6116996836255155,0
2.5913856404856466,0.9244755323895377,0.303392016679067,0.28592509971963925,1.8479180907328145,1.1595785133733074,0.71,3.584944068261748,171.9745222170389,3.6498389302614744,0.5952912080287058,0
2.7333236964714676,0.9459988928915801,0.3396366021493401,0.3868461200883912,1.8685320339525258,1.1729801034734737,0.72,3.077960619653125,176.85177858512594,3.7962829117659274,0.595865387630142,0
2.542432173557897,0.9327837122362216,0.255663018436232,0.29682483175382524,1.866675611135571,1.1655632962991258,0.73,4.043969569217849,160.00832736412397,3.48278379939438,0.5926566077799288,0
2.545863664257473,0.9409318409822509,0.3131791124790162,0.3262522646303225,1.864462908145995,1.1733948830254546,0.75,3.980540146782946,163.78725881427897,3.3944848856766305,0.5973107856400668,0
2.6097477748378477,0.9370127479172952,0.3488215830500433,0.3310109451897673,1.8650801042440133,1.1350723719844587,0.76,4.207155694692446,174.34087680686818,3.433878651102431,0.5776214259831065,0
2.572501617704989,0.9347382723239838,0.3789169130137097,0.30138947738450883,1.9013699848551835,1.1599196319403382,0.71,4.512233147964046,165.67542650725863,3.6232417150774494,0.5795628198272736,0
2.500330815349908,0.9358096815381894,0.2984025052542121,0.3165519722398393,1.8537592259694002,1.1585078749980204,0.73,5.400224441559646,178.7685752531358,3.425110705958778,0.592963482705092,0
2.541794241248185,0.927730441328165,0.2939056677924954,0.30246304064372354,1.8630231909720478,1.1302415179331433,0.68,5.715173945178611,175.1062478413114,3.7379327077179187,0.5757657490401178,0
2.6593572373706844,0.9314513120075973,0.2608792282111312,0.30420555315974773,1.9018271567805798,1.168026752781373,0.72,3.5333610152895307,174.00805252531333,3.693551718570395,0.5834803213779163,0
2.698055616856875,0.9328392118593567,0.3036032155666649,0.2878410631580439,1.8302864734081807,1.1735657525799283,0.71,4.192729433847956,160.32886204186056,3.8000783336012325,0.6079749139555642,0
2.690388158789437,0.9392504937253706,0.3388216084158181,0.36715834441829975,1.8652276284392624,1.1637607171166706,0.7,3.0705851205314234,173.8320589299862,3.843411655413482,0.5921760412257698,0
2.770565041656772,0.9358119899741477,0.2857391632795232,0.3714127152864518,1.8917621653770507,1.1592918974070938,0.7,4.937646450018351,170.49503877029304,3.957950059509675,0.582043337080677,0
2.4253980793988923,0.9397459141061542,0.263011664822431,0.2763403640736466,1.8462355894423783,1.1688457347610954,0.76,4.044371769536363,163.45864041674065,3.1913132623669633,0.600567444713096,0
2.6183859948938,0.929771772182666,0.3646799835524671,0.3426285370604121,1.833529782899286,1.1664011338688056,0.71,4.294660652899398,171.73734529194084,3.687867598441972,0.6032496340034713,0
2.5135125635046194,0.9504984516365582,0.29499128458831403,0.3052553768782892,1.8771568137359782,1.1832154316765942,0.76,3.2002211849519107,162.10927355046542,3.307253373032394,0.5984428870064304,0
2.5969130123747277,0.9215683101054661,0.29493626502746584,0.300059641034801,1.8391212608179615,1.1621916834686412,0.69,5.529473111407617,169.72749596681322,3.7636420469198955,0.5993393538361829,0
2.497341414191531,0.9301261716748216,0.2717084902264872,0.28276125426117715,1.8716715485755029,1.1832218371208048,0.72,5.1971831118239775,163.8283795841814,3.4685297419326817,0.6001110265934816,0
2.5756483542620776,0.9284941358692171,0.24734710356317247,0.36822712380004347,1.8375264957790005,1.1762580094655148,0.72,3.4860692635130683,160.21239067688245,3.5772893809195523,0.6070926059736743,0
2.615777365752335,0.9384333429667236,0.3277854392720249,0.2268275363027387,1.8683779826155367,1.1348445813634318,0.69,3.0173398637175195,167.40971643874784,3.7909816894961383,0.5765379370152656,0
2.6793915079007036,0.9566805790790635,0.2771639047582751,0.3613261757139067,1.8732807866269188,1.1922503884823625,0.71,3.3504226914749777,167.37169863874274,3.773790856198174,0.6041970289085762,0
2.53781572878541,0.9294106100053601,0.2571601544049987,0.32292728850481184,1.8720306400543947,1.1617429912909558,0.7,4.473618361754557,170.32555246732028,3.6254510411220147,0.5891100106126704,0
2.5245590499426167,0.929019969475016,0.32641561646969086,0.3137734204840256,1.863277413466577,1.1478675620412946,0.71,5.436059460358134,179.23526459145478,3.5557169717501647,0.5846690611157667,0
2.5477959886701944,0.9458471558830867,0.3290430110128796,0.2546599624739184,1.8456525277102884,1.1939188475966467,0.71,5.1591240497975965,161.58783950055286,3.588445054465063,0.613634156455311,0
2.634936949364721,0.9492861528845115,0.40868458190475243,0.32045784373280883,1.8967967425623435,1.2187862885395906,0.72,4.91502958118364,164.4790308272654,3.6596346518954457,0.6103707315625981,0
2.568984797405908,0.922478068346542,0.25979893038031754,0.2895236060829337,1.853404817990668,1.1749935367585063,0.68,5.396651445138382,169.01144885349942,3.77791881971457,0.601510514327051,0
2.543853819027356,0.942471176099137,0.25918908679331554,0.33876952562498497,1.8699679140938408,1.1835188414737428,0.75,4.535269328062244,166.98600206072737,3.3918050920364746,0.6007807705934874,0
2.499444903279742,0.9291468574093106,0.2851180808658536,0.31961004510063024,1.8221015689079239,1.158105889377121,0.71,4.996525699154716,171.28803661676488,3.52034493419682,0.6025206514113192,0
2.5966834292052816,0.932604132763588,0.2684054232720081,0.33026095044654424,1.8552492951553237,1.1758905081251725,0.71,5.504585749140951,176.07873430105138,3.6573006045144814,0.6014018320010495,0
2.61766385773043,0.9200842639517046,0.33430022319719144,0.26150102711346407,1.8407130606788051,1.142093865912218,0.72,4.6631958519145655,168.36491116397164,3.6356442468478196,0.5884918739675749,0
2.524690968272412,0.9491679947379873,0.3477970873454157,0.2986899850866108,1.869699847500468,1.2188843117954729,0.7,4.816088280097325,166.183662319262,3.6067013832463033,0.6188172849493929,0
2.545745687753286,0.945713713580752,0.2981486736229476,0.32628021770658494,1.8903726895050479,1.2172736595309177,0.74,4.866709845880983,164.5586679150431,3.4401968753422785,0.61158076874217,0
2.5406527524527758,0.9146803552561633,0.3592640414165569,0.2807997827038354,1.867485363775549,1.1435263627036512,0.67,5.787463060723615,175.75895680071122,3.7920190335116053,0.5812121318703262,0
2.576840894990592,0.9476236258743242,0.3008940197503146,0.3169002223662391,1.8488678313053044,1.167272045489288,0.73,4.364681199727402,161.85061585686853,3.529919034233688,0.5989487982401954,0
2.578928461175787,0.9324871640105359,0.3614026270179442,0.25796036577719256,1.8512091193460616,1.1662473203651609,0.7,3.2716427730484976,169.7145321800174,3.68418351596541,0.5977049352639471,0
2.481725659491817,0.9118445038991508,0.2937475126145285,0.2807794282832635,1.8186409716677645,1.1254399740604852,0.75,5.612238059741124,167.46687647393546,3.3089675459890895,0.5865818517792856,0
2.5864452365805484,0.9434780312908008,0.2951617325343282,0.30085284119731115,1.8589066091233684,1.1883682230919599,0.74,3.1676637125583142,172.65332466495653,3.4951962656493896,0.6066487384121734,0
2.6185796642810515,0.9340004891871169,0.34966103250650515,0.297229643498267,1.8680670077861954,1.182262224483531,0.72,3.138397021656057,170.8554960186597,3.6369162003903495,0.6007225464408417,0
2.734584962038593,0.9490072713862437,0.36554866624362414,0.33009888286888,1.8887990181684842,1.1621041197528081,0.7,3.5856495860581545,166.9336957703481,3.906549945769419,0.5843245642905676,0
2.583593927080111,0.9357847754051718,0.29884498611425137,0.30832849375703597,1.853205524528229,1.139463174988917,0.71,3.22025534532034,162.11353549440463,3.6388646860283256,0.5833810936328061,0
2.4570137125530325,0.9246751562460712,0.31084607173537304,0.28534736796268223,1.8446875478216604,1.1256781279969357,0.73,4.56534698144156,162.72669712267833,3.365772208976757,0.578847809900291,0
2.6736968698031913,0.9325170690573579,0.2566143044504218,0.309723446932466,1.8644721737513439,1.1348621705582476,0.74,5.628027599994553,173.62580428042048,3.6131038781124207,0.5776931766822239,0
2.6913501138725016,0.93994016501207,0.24720798494745222,0.2931300388537681,1.8795247852656878,1.165219434327279,0.69,3.7323871919894587,169.86075083625954,3.9005074114094227,0.5886359408078266,0
2.6139514999897555,0.9244289451946767,0.25855676448350373,0.26495988153615857,1.8640544377748802,1.1684466591317058,0.72,3.150321625473249,175.77214668514517,3.630488194430216,0.5949156177440093,0
2.6227855224892744,0.9287105939152862,0.2921695883668115,0.30215723182028165,1.8559972216142016,1.142622307387461,0.73,3.7560631392569137,178.50442060654916,3.592856880122294,0.5841635636090031,0
2.771034582559974,0.9376191214564329,0.294002758866317,0.3422071470446557,1.8628012100454387,1.1453558454470085,0.69,3.87081863338693,173.49275011691995,4.015992148637643,0.5835312509413491,0
2.6495991065851103,0.9282601717549815,0.39695823582984724,0.35421877143911085,1.8488749519441172,1.1417866239913956,0.72,5.59754647163652,178.24211783921598,3.679998759145987,0.585869618187866,0
2.548529526359601,0.9262892936835043,0.28469478583716046,0.32026296226707907,1.834444717079019,1.1432445811168426,0.73,4.971835032367171,160.55186755601142,3.4911363374789057,0.5909936691512817,0
2.4980947325090237,0.9257154923583856,0.3283394599649987,0.26446635821024717,1.8446709690069443,1.1410322678530331,0.69,3.445130056507285,170.7485597889666,3.620427148563803,0.5867482396961512,0
2.5520983744601344,0.9222975691781018,0.40961773206001506,0.26485331218974717,1.8394382141671701,1.1466468389096311,0.71,3.8684673538940033,165.3403422043219,3.594504752760753,0.5912262791016635,0
2.605495596849335,0.9376595680199141,0.24334384429135691,0.3794397524967605,1.869321149771021,1.1788808097348036,0.72,4.889717968116645,163.93451584457947,3.618743884512966,0.5986229365748068,0
2.5691384869218132,0.9185174942716641,0.26462338648311856,0.2670879210198066,1.855827700162236,1.175682271922402,0.7,3.1597977097400407,165.60633081628876,3.6701978384597336,0.6011175073473389,0
2.4872002517184306,0.8972189390584178,0.404199709238391,0.2223594477094813,1.8244758071571046,1.1424800776338042,0.66,5.037142088608192,176.38933144126133,3.76848522987641,0.5936578019764828,0
2.5182520058483746,0.933235821442191,0.2916411254481869,0.2703344590597256,1.8253676641232626,1.1402484056607567,0.71,5.622802282950718,172.5980542410809,3.5468338110540487,0.5922237227246575,0
2.5041303955184584,0.9305846556562278,0.264282195552465,0.29823897551688444,1.8102442568441546,1.144746140895243,0.78,5.601636463795151,175.54248759096728,3.2104235839980233,0.5992668931178659,0
2.5972565511199437,0.9428961693380167,0.28779625032533573,0.3053958268763121,1.8912051157720942,1.184397519146562,0.7,3.1774240126317226,169.9965919113942,3.71036650159992,0.5948144215606384,0
2.5711939574849154,0.9488493283739117,0.3372523556163968,0.3276203857598513,1.883246645131043,1.17347240460918,0.74,5.425431139330854,165.3444259975399,3.4745864290336694,0.5916926205271068,0
2.579743449393288,0.9306512355852581,0.32754062061106237,0.36531350999244727,1.8279477210097987,1.1625135419434611,0.7,4.504395806914894,169.3636056893427,3.6853477848475547,0.6029798055595474,0
2.5910338766806387,0.946444232388376,0.28585200663877225,0.27890112038778014,1.8868820348442163,1.1904979485060703,0.72,4.501020292236375,164.29610452174106,3.598658162056443,0.5991789787356009,0
2.490580766399266,0.8980955549286996,0.36182660791729415,0.3141196177948056,1.8058600100827351,1.138499900590476,0.69,4.734919309403154,179.8288222402656,3.609537342607632,0.5973680619601502,0
2.5792413415492703,0.941344664184592,0.26654122196345065,0.2935142039611077,1.8555512859293402,1.157709360210794,0.72,4.225322699733074,175.46162634879062,3.582279641040653,0.5920117608475881,0
2.559615461337263,0.9528950423784461,0.2600586685605172,0.3655283404087532,1.848112440499979,1.1419668743113525,0.76,5.142445354392477,161.24787433048846,3.367915080706925,0.5861914592662162,0
2.5214527812255185,0.9184075010281731,0.32802158216943567,0.24002759297263848,1.836996790418479,1.1232788754328982,0.72,3.9664003735142335,179.95876028660092,3.5020177517021094,0.5799074531198469,0
2.563898100427777,0.9178238287012245,0.3180972013938721,0.3055558109877121,1.870331330541133,1.1540390745601372,0.68,5.2415919786117895,162.9963443739829,3.770438382982025,0.5857081277001219,0
2.4940729373935886,0.9357071016272633,0.26343575901009236,0.2708650540229446,1.8423002252083296,1.1887068477777514,0.72,5.778570128634804,173.1629993740335,3.4639901908244286,0.612009838824094,0
2.4387717559664566,0.9271595116808429,0.2670694970998963,0.25530012520614503,1.8192668695221736,1.1948207772384616,0.71,3.384565408899145,167.58422404295487,3.4348897971358543,0.6225401981413495,0
2.6143300945036256,0.9396429606183919,0.30972571600851234,0.2891151776666656,1.8807700517687997,1.1308861345853949,0.73,4.335442590619357,170.87278390186873,3.581274102059761,0.5709325691669911,0
2.690013430284324,0.9440256164369658,0.3633248404476547,0.3384607345197123,1.8460654606337534,1.1652507168225912,0.73,3.0562191857562873,174.28567209032096,3.6849499044990743,0.5987726211651261,0
2.579754000137456,0.9391484352411326,0.2801369261841982,0.2570003478242459,1.8584379555339396,1.1739906204388322,0.73,4.321496215562422,166.0466015329088,3.533909589229392,0.599452546924705,0
2.5523789269293737,0.9267048954110648,0.3154124487556821,0.31090614488084245,1.8231153720650888,1.1729418404811525,0.72,4.311688784574041,162.04663195481714,3.5449707318463526,0.6099175626793615,0
2.4925931105615873,0.9456064619384439,0.3697173807255897,0.36736046238390807,1.8762455715840591,1.1559943585650778,0.71,5.1794809915532625,173.1398707922497,3.5106945219177286,0.5849446926975228,0
2.6511057770202484,0.9432794586985311,0.33849781626372677,0.3017206163625862,1.8647215289349084,1.138999250597286,0.71,4.063352507502416,160.51116130035405,3.7339517986200685,0.5797255406544798,0
2.5116444861265506,0.9312433299589928,0.2650669755306361,0.3336937555428122,1.8389554964189814,1.1834049529269002,0.71,5.660214105502723,164.49853428123134,3.537527445248663,0.6103311577354443,0
2.548731027651186,0.9471207345220729,0.2390260368195986,0.2696891977319238,1.8814264556722478,1.199096308531018,0.72,4.196517128451962,160.17374200198034,3.5399042050710916,0.6051682135859011,0
2.510938319055324,0.9293086016201496,0.3501957261429788,0.2934632845122695,1.8460880856154258,1.1806409070501642,0.69,4.657802398183854,174.70568023480416,3.6390410421091652,0.6066739300121666,0
2.565150017302977,0.9501281539527592,0.33950287340123586,0.29107243965502255,1.8831971714700828,1.2114267658154616,0.7,3.7787254640592964,177.65166575321572,3.6645000247185386,0.6108453477257979,0
2.5426159775152786,0.9316237889359417,0.26367705740317005,0.2938541846201691,1.8405403133759304,1.1711071807948306,0.74,3.4681332786019667,166.49406208648722,3.435967537182809,0.6034954145103392,0
2.563857693392276,0.9162282658770592,0.32556629444137053,0.25569861058361737,1.853998882238431,1.1565746651629918,0.69,4.972976290202655,166.29547100897713,3.715735787525038,0.5919013954798487,0
2.564515744286298,0.9250263424233516,0.2862858738209788,0.2910533462487712,1.871727033225175,1.1007658406482013,0.68,4.2623191504821225,161.948636548797,3.7713466827739675,0.5582749650937568,0
2.60344791694275,0.9555185721982017,0.2918344306993911,0.3121093903035516,1.9244188601260526,1.176240339941069,0.71,4.852144514228989,160.8497474190052,3.666828052032042,0.5810261715640356,0
2.5517402184392854,0.9328931986783221,0.2673046684606446,0.3622087720076154,1.8339359987557802,1.1964454538962874,0.73,4.825914939527583,164.7128559108286,3.4955345458072404,0.6186582465324779,0
2.544538478003095,0.938573508750696,0.2588284353456025,0.3307289668973562,1.8488527569410285,1.18649519324652,0.71,4.467762171203167,177.18909203795633,3.583857011271965,0.6088172587799165,0
2.450917117575389,0.9283296638912634,0.2743236879814836,0.2620118840091433,1.8490753163205558,1.1839300689262537,0.74,3.9061525324785666,172.03862572422912,3.312050158885661,0.6074316672181066,0
2.5811155764263183,0.935846690505805,0.2566443559840823,0.33174305642807383,1.8458590032547921,1.184081202833991,0.7,3.590558098497695,160.22730308801178,3.687307966323312,0.6085133613758276,0
2.7606446537348135,0.9313166646579819,0.3491973038671784,0.2958992415571237,1.8458886178003677,1.171157971836858,0.71,3.5468685579287738,172.1893033678423,3.8882319066687514,0.6018627999174665,0
2.7215652651862654,0.9367762472203967,0.28376291668081444,0.27293640153357696,1.8789021525010878,1.1661616450986283,0.69,4.611642555127552,161.01089180990112,3.9442974857771964,0.5892972745644569,0
2.7214274110594503,0.9119428672382551,0.3092701390131015,0.28531356744422276,1.8153816806831962,1.1399054556526274,0.7,3.8900742162802175,168.36968245738166,3.8877534443706434,0.5951322742347809,0
2.5828204497194482,0.9470305979021244,0.40595028064642164,0.30600618789536027,1.8485730828721156,1.2079366435527947,0.71,4.676968878920647,178.68982000632286,3.6377752812949975,0.6199083083773006,0
2.573760807103911,0.9371652460613427,0.26042502693966496,0.3151946905026254,1.845089797478277,1.176853374723725,0.72,5.388994168877283,172.5498679732486,3.5746677876443207,0.6050380688076528,0
2.6692720527005855,0.9347363424551963,0.28125093097920995,0.28152566182842953,1.878545206238797,1.122232620972911,0.7,4.500592971517408,172.2382579839206,3.813245789572265,0.5672008996480139,0
2.6717233444556396,0.9399774083183381,0.2883988334966566,0.3289674170501966,1.8876729805029253,1.1786066379620657,0.75,4.413571369312226,173.49209080522138,3.5622977926075197,0.592958021527189,0
2.538409089461542,0.9211255583367702,0.32339947217850107,0.23744875230581722,1.8592173230206495,1.114744881753339,0.7,5.8504203796954615,162.7777165238948,3.6262986992307744,0.5689745944235866,0
2.4996336448332874,0.9394161348319479,0.2962515693954155,0.3351231967220857,1.8531456610210497,1.1732269899015881,0.76,4.127826492249815,161.86746627402272,3.288991637938536,0.6006858645085682,0
2.574005450941975,0.9267247807656339,0.3341092949780966,0.3127265811482801,1.8329617301809058,1.1900163083670336,0.72,3.089196743795689,167.44849626981323,3.575007570752743,0.6156440087697236,0
2.601861537553604,0.9441816723161068,0.27413942118772405,0.3413419024335022,1.8322821803242206,1.176814534368568,0.73,5.645119552734595,163.7911605848,3.5641938870597314,0.6090283015346695,0
2.7464210084004326,0.9389271100274036,0.283193126421423,0.3402316143815479,1.865210608019011,1.1994352527723118,0.69,3.6733138403020207,160.4629605286748,3.9803203020296127,0.610334204322954,0
2.666861803977736,0.9241161308686511,0.3183966232345271,0.279668968670227,1.8837129353490343,1.1422067061235437,0.68,4.792240626690616,166.80371697238897,3.9218555940849056,0.5757923365673735,0
2.4909223219245518,0.9283376668517511,0.28617168872458276,0.3189081045049383,1.8278646786165482,1.1740606255230503,0.69,5.812837857979467,169.9444653401698,3.6100323506152927,0.6089953504234363,0
2.578842279980808,0.9400464655422622,0.33588598140129555,0.3231647116108235,1.8578066373839164,1.1866126963066423,0.75,5.234287830325404,161.00739055756574,3.4384563733077442,0.6060928968410445,0
2.575653574299772,0.9259838897341361,0.2957297672111606,0.32758261099817165,1.834049256624033,1.1427655002188724,0.75,5.501536803373696,179.4385520267705,3.4342047657330297,0.5908668025413267,0
2.514311186562345,0.9380950111454797,0.3338739566203568,0.2902268255491925,1.8532374356787433,1.2021716982370179,0.72,4.270424843470474,175.30311031047242,3.492098870225479,0.6154764783213708,0
2.5518329732582985,0.9382462072005832,0.3849952456229546,0.247256532156434,1.8852190414215606,1.1759895555239743,0.73,4.377503124731302,174.7539766887362,3.495661607203149,0.5923726959025543,0
2.6094677336183194,0.9422389161210327,0.28739933391798667,0.3141494064565581,1.8603124889381284,1.1939545367142075,0.72,3.1782651733895353,177.60275548057345,3.624260741136555,0.6090633730344465,0
2.5467896655093507,0.9372782958060294,0.28026489785079234,0.27157660091074814,1.8716815841101753,1.182697986725201,0.72,5.006085954249642,171.80595733540144,3.5372078687629873,0.5998422850102114,0
2.525080173615825,0.9380663812275468,0.3429807952518735,0.2519367440997546,1.8286249451738423,1.1841001561746107,0.72,5.232789141618728,168.76372042919306,3.5070557966886455,0.6139608217438453,0
2.6876382019343126,0.9307841850368186,0.24396255057403282,0.33752103113935533,1.8764175279695352,1.159915698236363,0.7,4.588900796587286,169.68978008591466,3.839483145620447,0.5868778645309819,0
2.660813743581496,0.9320937325952048,0.3091272785440111,0.26051686366076654,1.8562721875621158,1.1828088806743808,0.72,5.558332832606704,163.94118450993128,3.695574643863189,0.6046238801505346,0
2.730040681979423,0.9264132691190164,0.2586826495698713,0.26670246857572283,1.8345940113574746,1.1572143446261878,0.71,3.328309303312791,167.6034065653256,3.845127721097779,0.5981690927566701,0
2.5173416922437375,0.9434250046626012,0.45588993579895687,0.33725370065272026,1.8441038767762588,1.2290068354587032,0.71,3.263935689176439,175.9535469379452,3.545551679216532,0.6321713824760538,0
2.646049095681472,0.9333941111246642,0.30972267802314435,0.30337443336182035,1.8789601246570053,1.1567652406464304,0.71,3.3877094720045444,170.04389908398218,3.726829712227426,0.5845318590473982,0
2.5423907237536496,0.9385962519037385,0.3533271894376085,0.3191399027982865,1.8599413014833766,1.1793972676891742,0.71,5.588856981443849,163.6690126490444,3.5808320052868305,0.6017513212240337,0
2.6821389942476204,0.9325415727273437,0.31230349993606243,0.35041572231714596,1.8436921076190818,1.1463064970970394,0.68,3.560501056386561,177.24669635617406,3.944322050364147,0.5897572422111664,0
2.677422312951245,0.9424037215872112,0.2796336919712451,0.23780709254948418,1.8729471823147832,1.205387678046744,0.73,3.217539928852427,173.0011559796677,3.6677017985633493,0.6109579054379494,0
2.614315872622884,0.9367915851882411,0.3218370810376395,0.30263035365091523,1.8860962811558537,1.1808375623083154,0.72,5.380218362088467,171.97048933423932,3.6309942675317837,0.5945520232388232,0
2.51991446618326,0.933564390016041,0.2956708689001357,0.28547458362424494,1.8451468540339389,1.163609704793671,0.73,5.093768653259268,179.38588900316148,3.4519376249085756,0.5982117506349309,0
2.573675651366977,0.9327541542412267,0.3571006312556614,0.24464963071518836,1.8577867060139972,1.1754368571485387,0.71,3.479177354187436,178.50446775035104,3.624895283615461,0.6003906623422209,0
2.4808305858090614,0.9277748051050516,0.3136329591219511,0.24307404634028,1.8834166211815717,1.1649740557107247,0.66,5.290185249278096,162.93037708049,3.7588342209228203,0.5873572114247585,0
2.6115670670009963,0.9146043499314507,0.31849423701812696,0.2837492566236131,1.8370713341972114,1.1660547638645484,0.69,3.8831413464875535,174.8472750913249,3.784879807247821,0.6019679003446723,0
2.6009603027621178,0.9208405828941132,0.28857386921096023,0.3040396316262236,1.8585577119348744,1.1748786292296534,0.72,3.087973323310103,178.0719784707841,3.6124448649473857,0.5998692926280847,0
2.7179809301414792,0.9492859509155624,0.30623975102339196,0.30355535974838155,1.87987557916185,1.1933098671614861,0.72,3.104606567658096,177.2344916276361,3.774973514085388,0.6027196252739556,0
2.5172789619261073,0.9392786133885254,0.3645886637265854,0.33702078274099057,1.8631888665577165,1.1781420531164617,0.69,3.3634275968256437,177.77941411241542,3.648230379603054,0.6001165110426857,0
2.6157928342368373,0.942432497556275,0.29806746646342935,0.29230747753524844,1.862190094021877,1.1820451582059561,0.75,5.4579690256473565,176.12512446767016,3.4877237789824496,0.6024111332572945,0
2.619429645521276,0.9295097787436306,0.41205422542939685,0.23512854378519407,1.8429887897363273,1.181091605127691,0.7,4.192342614707398,179.77646265419864,3.7420423507446805,0.6078736075919258,0
2.4783927044855543,0.9323730256607199,0.30007117629929125,0.2690028113266477,1.855800494574479,1.1495184575606854,0.71,4.133027947570131,165.454476355056,3.490693949979654,0.5877483213392809,0
2.4807152659243794,0.9323513650219253,0.27453266426000145,0.33275303179717586,1.8543764741403215,1.1811963055179133,0.7,5.379958053628144,163.18286483309876,3.543878951320542,0.6043852457022081,0
2.6620750412264744,0.9416410408273976,0.3491852191679373,0.30468634459982546,1.856430763752843,1.18917111041974,0.72,4.938823392940855,161.51630461261368,3.697326446147881,0.6078268305997506,0
2.5433675368832827,0.9457248739702674,0.2694866720024127,0.31659279236320215,1.8867203857268244,1.1844774689633393,0.73,5.64695620607681,176.47286212977556,3.4840651190181955,0.5961973700340365,0
2.676045226148823,0.9382788893767614,0.28263946254665706,0.22076675245945981,1.8610129826840485,1.2135683572764653,0.72,3.074643756968776,169.05260056916012,3.7167294807622544,0.6188476914698688,0
2.5893650268684265,0.9546208102404193,0.3089792029189569,0.36460292974059283,1.8639686714874184,1.2244465414493813,0.78,3.498671163143105,165.1615290560593,3.3196987523954187,0.6234552308423751,0
2.666535404470452,0.9346899063396152,0.2745760530085597,0.28009416825858435,1.8261392076638319,1.1678476009316185,0.7,5.561461977385042,173.54460126073624,3.809336292100646,0.606315263343854,0
2.6623248693031214,0.9241593919245432,0.29800765802037665,0.31536386885384315,1.8731222374832488,1.1816527615557628,0.7,5.881525697768497,160.01694287239513,3.8033212418616023,0.5988745852172753,0
2.550573186044312,0.9104770920576023,0.3225812394092864,0.2528665805331888,1.8638949287950624,1.134146247574035,0.69,3.8844532496106723,163.93397622490116,3.69648287832509,0.5774984348423795,0
2.5720448452100726,0.9239371653122422,0.28724021973086555,0.2858100833799469,1.8740190140901256,1.1444607171584644,0.69,3.1100633953434125,167.5677882601826,3.7276012249421346,0.5797617495016758,0
2.6196621443550874,0.9158023875017995,0.3422275709618806,0.27935758206729044,1.8315521553410972,1.1505292486065275,0.67,3.0328327281561718,164.2449519147256,3.9099434990374435,0.5956501073114191,0
2.538570750280403,0.9394586118698958,0.38641172049660255,0.269495577028138,1.8635787662409435,1.1516569200858844,0.74,3.0868188674594603,166.8518052130207,3.4305010138924366,0.5865091535342916,0
2.6677750234581574,0.9276418840080382,0.2587958931760283,0.21661853094560507,1.857851081645769,1.2316925871077795,0.72,4.976819427184511,163.30796285078452,3.70524308813633,0.6291043270116433,0
2.64400671787576,0.9371516108004194,0.2500200573996584,0.330425169729967,1.8803044882171964,1.165286219763901,0.69,3.7550736791991524,160.07956090103553,3.831893794022841,0.588437902705038,0
2.4685619709551276,0.9227432853387127,0.27482823964705205,0.2991436684448878,1.8058195555906522,1.1519653135028571,0.74,4.112232094277463,169.92660669418166,3.335894555344767,0.6044461607729907,0
2.6593670824016953,0.9296957081192799,0.25632115112833037,0.31835337986689427,1.8596257134498377,1.149152387141814,0.67,4.112435787446086,161.41014214899397,3.969204600599545,0.5864142214784372,0
2.584893520778368,0.9419481894359023,0.28870091788583485,0.2939172770277919,1.8655839393676772,1.1718714864635342,0.72,3.7434299991576028,174.4066002311241,3.5901298899699556,0.5961950863520598,0
2.624388192851783,0.9227415969751679,0.36812737304685617,0.32868292503348207,1.849135210778389,1.179398894507664,0.67,3.5396471004240913,161.22816286329467,3.916997302763855,0.6050882914565326,0
2.6719181353304693,0.9366217165333848,0.3314825262335919,0.31528761503621505,1.8684501453250655,1.1514069274923853,0.73,4.566856317607037,175.33055926219393,3.6601618292198213,0.5849307030848091,0
2.4921409089510282,0.9311679782695065,0.3499021837768919,0.2929584965205306,1.8443423644165837,1.214870093378149,0.72,3.205189759902559,161.23143475569202,3.4613068179875395,0.6248231358897953,0
2.5903964135299318,0.9414757153422332,0.3395149225785835,0.3132961659326741,1.841431416758109,1.2286032973964292,0.69,4.373744390077477,179.46460109648564,3.7541977007680174,0.6328337363819976,0
2.5424881310827696,0.9259594261565742,0.28969875340542606,0.3081082840651054,1.8412922046001872,1.1796905794492458,0.7,4.2585812142982435,167.23122473052766,3.632125901546814,0.6076831590081027,0
2.530063690681717,0.931498403824059,0.2803527482259731,0.25850408727393054,1.8757080674821172,1.1607995407252263,0.71,3.871806326741076,166.00048309067566,3.5634699868756576,0.587535962337074,0
2.5724641189675332,0.9301832133707123,0.32631818185070305,0.31193708377472823,1.8016886352785808,1.1453494087595975,0.7,3.246314678046658,166.10854670769558,3.6749487413821904,0.6022801985098963,0
2.7195521341981674,0.9260390463640246,0.24583531807297854,0.23744884331318333,1.860830853370907,1.182210237982953,0.7,4.970378385482725,164.833698792033,3.885074477425954,0.6029129111012251,0
2.6271975361556086,0.9391880904873159,0.2553009951670451,0.28685233087647155,1.8700029062394343,1.1626253040912649,0.71,4.806687337555919,163.54451032629999,3.700278219937477,0.5901642583414337,0
2.6184080783212957,0.913921018477075,0.32878042309886846,0.2256228259337718,1.8566189036055143,1.136196430883253,0.7,5.226557604897161,176.58900073923485,3.740582969030423,0.5806937819058956,0
2.747665381871011,0.9411327121564903,0.33456465421761694,0.2960820257728146,1.858382082920306,1.1734277587333035,0.69,4.596367090887622,169.22596938294282,3.982123741842045,0.5991822377089501,0
2.6524707914730334,0.9457371678509628,0.43921064085024497,0.3440197832940052,1.8990047656084506,1.171031730267835,0.71,4.532711843602016,161.996890531531,3.7358743541873713,0.5858073729561121,0
2.4710759512387543,0.9304839339056408,0.3022664753564465,0.2778239822508664,1.8489213898760195,1.1693362001262428,0.73,3.731954728703038,176.37730552842623,3.3850355496421294,0.5999914651255533,0
2.6227077023895218,0.922601657245307,0.29973979149135466,0.34167768804319076,1.89124979712621,1.1350913872063126,0.67,4.19342064512156,177.21658850153304,3.9144891080440622,0.5700396750043549,0
2.614982702953362,0.9369091167702858,0.2800767995726666,0.30670244666016505,1.8382771711728954,1.1727351032000102,0.73,4.608264060511648,178.47012818446632,3.5821680862374823,0.6050399399227107,0
2.59030845216201,0.9188140562512441,0.3030677467341366,0.3258020827388992,1.8059567495375628,1.184199009315117,0.69,3.220095575985147,160.93377213687313,3.7540702205246523,0.6213147331923644,0
2.5213156429660972,0.9371011001717262,0.30968327318633204,0.31183922215428,1.891683512634685,1.1470287676228204,0.71,5.111409949084766,169.4837490751252,3.5511487929099963,0.575909154414539,0
2.6624572396083424,0.9530606346176528,0.26046056641112947,0.24483909015934543,1.8857621074211868,1.1798859832053867,0.7,5.7938636444843254,172.09018584842968,3.803510342297632,0.5941728763963814,0
2.5930925907011884,0.9344562355307802,0.2887858967374806,0.28018377216182505,1.8794359054777048,1.1364306767537977,0.69,5.908702188997152,176.85276692750418,3.758105203914766,0.5741184514279782,0
2.5537404140069717,0.9378009797213437,0.28964375993775915,0.3130001574921949,1.8519154745673767,1.1751104678321618,0.7,5.436164924503717,172.40381150121715,3.648200591438531,0.6020293824929144,0
2.3901123070847383,0.9158874922618994,0.3750977549039485,0.31995925571175277,1.7963863843667685,1.1545917563000747,0.72,5.427799051014805,169.15544147490394,3.319600426506581,0.6088378221960341,0
2.5706495123533593,0.9375510829323257,0.33789274531184754,0.31203107221341175,1.880168604319357,1.1815922464625948,0.7,3.495832495186367,175.2707448846299,3.672356446219085,0.5967129485262913,0
2.6281411254734475,0.93579326523609,0.23841730121823873,0.2994913023944229,1.8612976725133834,1.151578046839355,0.68,3.9827892838073975,169.26605026342853,3.864913419813893,0.5871510801130045,0
2.6128372819277685,0.934529802153093,0.296339787204138,0.2866778245164518,1.8545584747317698,1.2104820220337877,0.7,5.284640835143113,165.71191585434406,3.732624688468241,0.6193122578232948,0
2.602632795545059,0.9451357412483549,0.3369045080659421,0.3658799779906043,1.8596002071684232,1.2061640805943854,0.75,3.111802720089576,171.6742662190984,3.4701770607267455,0.6155153873642749,0
2.661597503747629,0.9419850355159207,0.2442596106545627,0.3166416563846583,1.8568363164732449,1.174575052374956,0.72,3.2474632003630175,170.22484586755212,3.696663199649485,0.6002418508318887,0
2.619521874783733,0.9278318025412656,0.3828706076434667,0.26384256581948906,1.856531901166629,1.1897520796518255,0.67,4.916233823649777,169.7570467997268,3.9097341414682583,0.6080923489887424,0
2.644699377055367,0.9114695804846084,0.2289293750381619,0.2498768716545408,1.8379511368910961,1.128511791082823,0.7,4.302903477361004,163.83328010807946,3.7781419672219534,0.5823221079212588,0
2.5243247508697366,0.9452194668100401,0.25029914439377704,0.3350572966366827,1.8719960439976002,1.1928151976854793,0.72,5.049177305218417,176.9090742717568,3.50600659843019,0.6048770743309517,0
2.6948044162124964,0.926358466839533,0.3128241571276271,0.30722872897812153,1.8282049935061397,1.1535998448936926,0.72,3.770144728210737,161.14114461715337,3.7427839114062453,0.5982765570978277,0
2.5836392291454486,0.9444742971313395,0.3359940861526154,0.26908855046734,1.8630185623500246,1.1971855473074813,0.69,3.2431915363165733,161.0703550830085,3.7444046799209403,0.6098697028490003,0
2.70340859135459,0.927200107385459,0.30947489957678254,0.3216538461027078,1.8358746770391456,1.2083995649563013,0.7,5.488184213058148,162.7981092339231,3.8620122733637006,0.624213736193144,0
2.6095550015120432,0.9345740998846631,0.364006703655837,0.2317996771054392,1.8917283681821584,1.1640491463511757,0.71,5.347994932754128,162.24188514760868,3.6754295795944274,0.5844417165246274,0
2.524998725462627,0.9290741067365558,0.31609056274514324,0.3396193538857398,1.8417315739243876,1.153404597010447,0.73,4.38775710502471,177.65266120360758,3.458902363647434,0.5940082617492428,0
2.595300942094336,0.9239530767298936,0.3334469883181801,0.3102138967942086,1.8189203355212669,1.1678218112988943,0.72,5.641437364463847,175.8064328795532,3.604584641797689,0.6085827481637794,0
2.7879517845762,0.9310903842499555,0.44326242022848417,0.33222228357988143,1.8538586365550693,1.1308483096962472,0.68,3.6687962274390333,165.6943496276246,4.099929094965,0.5787769332637562,0
2.666869656255108,0.9433574124485365,0.3122037478853878,0.3016509879100422,1.8899566796160534,1.1977460742738562,0.7,4.101463462878061,165.31177684940369,3.8098137946501547,0.6018955520704862,0
2.5951042783248037,0.9352424804929507,0.24583799141185492,0.3412433101344397,1.8565203823264196,1.1944342384966953,0.73,3.7281074524175164,168.1110059269235,3.5549373675682245,0.6104890341476747,0
2.5772297850980945,0.9621395600774214,0.22757855428849727,0.31703304069637184,1.8697118622414972,1.200891258031119,0.73,3.259804595685506,170.425692048654,3.530451760408349,0.6096786444005704,0
2.548521943966693,0.9529219140001023,0.25685923358314194,0.26937821851230326,1.8652177096567992,1.221883666865795,0.73,4.958381003241858,166.61478436785782,3.4911259506393053,0.6217548625079212,0
3.348437284220105,1.095869850327825,0.4084837233019608,0.9267759415032589,1.9983822467807806,0.8869995835554898,0.69,5.449799036010527,168.48187938661042,4.852807658290008,0.42270638960860174,1
3.2723949033046003,1.0787654297496048,0.3626661064267217,0.9806540557041041,1.9692468584019391,0.8604119302713211,0.7,3.0455194633430898,170.3264222376859,4.674849861863715,0.4158092239104858,1
3.272281598820556,1.0564856241023584,0.4264049335116885,0.8975483482545368,2.0399456832418195,0.8098194046812696,0.65,4.4054861166079196,179.93399220505853,5.034279382800855,0.3784298877411076,1
3.221575489168779,1.0740455680364935,0.5297986059520634,1.0097319101724658,1.988811955659371,0.863904064163542,0.65,5.68334033410109,176.19678409052653,4.956269983336583,0.4135863268222415,1
3.4443436975784185,1.0734251149598202,0.46075569408775335,0.90748076892657,2.026928353035719,0.8347725101268726,0.67,3.3802474465733847,161.96609207965008,5.1408114889230125,0.3924779642602534,1
3.3877332721732,1.053387660742784,0.4409546770068661,0.9471615584581441,2.0173855852817737,0.825855763969902,0.6,3.5231356645751903,173.359215920891,5.646222120288667,0.3900356032035612,1
3.2454023733877464,1.0487668787979487,0.4848052311519371,0.9899718571148549,2.02329906970171,0.816782582802141,0.66,4.335085225384792,177.4387916688187,4.917276323314767,0.38467618361311956,1
3.250745230185051,1.0861541313435752,0.4770047405440029,0.98490697950429,1.984917295227416,0.8078244904391717,0.69,3.865397477160813,174.10793469102907,4.711224971282682,0.38746116802252195,1
3.1696996608675434,1.0585384344444266,0.39754334255894075,0.9806433959017531,1.9131060410873826,0.8431793457240048,0.7,3.5300423419907716,178.82472578591154,4.5281423726679195,0.4188449731483395,1
3.4006952125185554,1.0779613681926623,0.5070207014489013,0.8974800382466436,2.01412830408764,0.883721870686986,0.65,5.917338127225305,171.52166712031052,5.231838788490085,0.41800768145354333,1
3.3777705522944386,1.069340973228654,0.5176613337026009,1.032838954541362,2.0149643740646437,0.8302311988211641,0.65,5.6092345419887275,176.72260450750832,5.196570080452982,0.39255091433317363,1
3.552404775515512,1.077442677114825,0.4626450493733333,0.9494379778122933,2.026544880645024,0.8096795488306794,0.67,5.302341689895297,169.6117751267083,5.302096679873898,0.3807488646019487,1
3.2491307958478184,1.0699655512119872,0.48106873546145135,0.9414487112362661,2.0249495094989185,0.86473869957376,0.68,3.982609203177802,167.49337822009693,4.778133523305615,0.4069455277446441,1
3.4813404176656033,1.0826270064791357,0.46746734462193595,0.9545014908052334,2.002036513371572,0.8360710820339126,0.65,3.7316893913701756,164.59911351783603,5.355908334870159,0.39774336778426944,1
3.2624983034744433,1.0482141894883341,0.4340126073765129,0.8986910881476229,2.0021456666320985,0.8333826791816332,0.69,3.026260419770328,170.5744672195072,4.7282584108325265,0.39644382994486627,1
3.3368565422771685,1.0612323101357561,0.42766732629121784,0.8779476841766384,1.98882755655349,0.8760122532927364,0.66,5.138376873641636,163.01564153367696,5.055843245874498,0.4193798815724804,1
3.2042677609838286,1.0671119501546804,0.3893340475885406,0.9670991224649754,1.960275156113878,0.8444527228449106,0.67,4.095906419272132,175.8996732833296,4.782489195498251,0.40987375901660145,1
3.337716827921463,1.0887633283972016,0.3985942883953074,0.9803699540422413,2.0331603201778377,0.8484930272785709,0.68,3.497791057326557,168.55506218743844,4.908407099884504,0.3977633651125826,1
3.1642342460920005,1.0477158885187965,0.417857112379146,0.9736645697003704,1.960316138261403,0.820493939062436,0.66,5.857367209219618,164.31795899069348,4.7942943122606065,0.39823691317333926,1
3.3391386718230756,1.0882033569166427,0.48293997653780374,0.9635692985632207,2.007826189859598,0.8872931952338352,0.69,5.80627822932008,172.86389597331842,4.83933140843924,0.4209517841188498,1
3.3445212511983833,1.0643339981575155,0.46053554902425975,0.9894342050105631,1.949707440288297,0.9001681133231936,0.63,5.378005760517874,179.1721082913207,5.308763890791084,0.43916907146347794,1
3.093058474525428,1.0638521115734694,0.4093068143424087,0.9804709675764013,1.9576005116419348,0.792624994883264,0.67,4.269276934381335,164.34422218484053,4.6165051858588475,0.3852181171216569,1
3.353181127676626,1.0606134809254575,0.547951837450963,0.9841268113736378,1.9705307766584022,0.831598016175722,0.66,5.353780139643469,167.8307162193981,5.080577466176706,0.401635187243063,1
3.1462856978968277,1.0709608348759445,0.5198391125962089,0.9815442500333443,1.973309282067475,0.8548841568288926,0.68,3.8866429616071505,173.95991075674766,4.6268907322012165,0.4123283314375626,1
3.3601495450499734,1.0662576999510947,0.46850650612691624,0.9533331363114345,1.952005784027158,0.8965259863298334,0.66,4.708619131720984,163.10550171365375,5.091135674318141,0.43690227060196624,1
3.3773799010188053,1.0596584210468287,0.3874494299150121,0.9494434484566421,1.973641270106454,0.75047215055671,0.65,5.729280541710139,171.7311365849808,5.195969078490469,0.36191030790884254,1
3.28457054982097,1.0411682834111722,0.49137896390332425,0.8596531541385233,2.00613153959682,0.7601729812978412,0.66,3.343822859300622,171.14501920414568,4.976622045183288,0.3609332878816117,1
3.3733857030844923,1.068539286929252,0.4532614754477424,0.9964114363082839,2.005164601263395,0.8556195365641681,0.64,4.883984446895583,167.4489150409193,5.270915161069519,0.4064383070334149,1
3.2720724542566373,1.090385831125331,0.41390693321750344,0.999156989790181,2.0075810742315956,0.8318548383453074,0.65,5.3177104103564,168.75694547092223,5.033957621933288,0.3946964833362787,1
3.2031446858007513,1.0753151528776579,0.4607978369997087,0.9516481287925149,1.9777381550770659,0.8730555528401167,0.73,3.0211365433913038,172.09869658835248,4.387869432603769,0.4201951774850734,1
3.358234246809637,1.0646158525957579,0.445080590808397,1.0287723560967807,1.975634225641334,0.8203791565516708,0.67,4.456865347146876,160.61844863335912,5.012289920611399,0.39524264266657494,1
3.3404978716085947,1.0755725622254126,0.4211387077378836,0.9411067820005128,2.0263618870188957,0.8462311439711596,0.7,4.5064877442131355,163.84637016034398,4.772139816583707,0.39797136561620455,1
3.206030202283843,1.0568050814035392,0.4000804750483167,0.9580055959882632,1.9883408370862239,0.8522282151735896,0.68,4.262021729268918,178.85040623081423,4.71475029747624,0.40808866064347454,1
3.228897996996605,1.0859188491540952,0.4379958506851185,0.9702154414580331,1.983719565765926,0.8614334154230917,0.69,3.006315540600331,165.35187338952915,4.679562314487834,0.4134113964162203,1
3.2077532897766217,1.0701209066816602,0.38663965680957524,0.9945097728665653,1.9683101079817593,0.8950215688075941,0.71,5.774433355233565,175.25776963000854,4.517962379967073,0.43273083922649735,1
3.226369878509061,1.0952666813150878,0.4988828700398097,0.9912694611202685,1.982402782434653,0.9022416263269746,0.7,5.264016462917408,164.93154805376622,4.609099826441516,0.433269506714793,1
3.3917425777260637,1.0801864105042955,0.4468214891812947,0.9744653534877106,1.9613548837138406,0.832787766657799,0.65,5.153436496597986,175.7830900468857,5.218065504193944,0.40400019096052336,1
3.342525576890758,1.0490676422435643,0.40557756778810883,0.8672910426910512,1.9226779666919207,0.8534465979180681,0.65,3.815238435443156,161.34071665467206,5.142347041370397,0.42193894034148977,1
3.4939445630133634,1.0497460211439238,0.3879749048120167,1.0323122476238742,1.9854083989792783,0.8409832004383999,0.64,3.798935227375286,173.41282451734014,5.45928837970838,0.4032702663181114,1
3.2948168474079518,1.0745907593783983,0.41570312360326966,1.0305357946710072,2.0332060714583715,0.7977526163815947,0.68,5.7253803898544655,162.71978683433613,4.845318893246987,0.3739688476679654,1
3.2482734023132154,1.0754202826822181,0.3437068090133064,1.0203892921883555,1.9730968156305515,0.8815756896409253,0.67,4.2370409194889245,170.58237399108648,4.848169257183903,0.4252457883269604,1
3.1937670494817345,1.0650341467032158,0.49972058947217257,0.889197642952759,1.9751442136620287,0.9081004313137695,0.71,3.7169532742883256,164.132645807902,4.498263449974274,0.43760834805366855,1
3.269136649122029,1.0564391914897135,0.5232107150503414,0.8573972581888999,1.9837262673106273,0.790278140200597,0.69,3.2617896295125037,162.68520026767536,4.7378792016261295,0.379261975336412,1
3.2910294590703453,1.0566877876636536,0.38493873292650116,1.0172047952553833,1.9446329395044928,0.8253895835620334,0.69,5.2307634001964765,163.40641307386116,4.769607911696153,0.4036859465650899,1
3.411395189956591,1.073621094010636,0.4095291266068366,0.88212073641605,2.0366342761505076,0.8374880717467793,0.65,4.06480105231096,170.4298024853608,5.248300292240909,0.3919660379387199,1
3.1908239504138036,1.0852782458651167,0.37633787594965146,0.9761274963960144,2.0299575877091844,0.8483558284310337,0.65,4.89948282646862,177.87416774001446,4.908959923713544,0.39829705216969075,1
3.1374293579644714,1.0540928871884876,0.5791316348436214,0.9760976213709055,1.9333583502102656,0.8299823879157329,0.68,3.643253005307608,170.57252110210638,4.613866702888928,0.4081830375988109,1
3.520373524955988,1.0970784918954193,0.38148436481086945,1.0012185669887148,2.0888081568882875,0.8944728236238992,0.68,4.634642993961112,167.26693631728025,5.177019889641159,0.4086574790983618,1
3.3073137719373444,1.0567907339947291,0.3892032364815401,0.9409526302414088,2.027568050648757,0.7830397811416323,0.65,5.798236172321846,169.2881744610542,5.088175033749761,0.3680445290118269,1
3.288710034556209,1.0641169201024534,0.5004243916443405,0.9828610323631336,1.9631919617398097,0.7848140029505553,0.66,4.9529368774361355,173.8058272206562,4.982893991751832,0.3803882612496959,1
3.352852443748041,1.0764236937566312,0.5086497395890422,0.8953184082726248,2.0576970468675464,0.8040361536091007,0.7,5.7824206340382265,172.19685346603194,4.789789205354344,0.3726362580772711,1
3.4363358406140034,1.0613554082759071,0.42176406624217744,0.903740878615022,1.9962395596098652,0.8274696849743954,0.65,5.8763313521444775,161.50875089069615,5.2866705240215435,0.394740038742708,1
3.2301564543614596,1.0698508218047798,0.4363071618479267,0.9755257145190515,1.9974035782627528,0.8338737335638713,0.67,4.062660066188852,174.99417677359435,4.821129036360388,0.39757428766024905,1
3.3768109807353293,1.0528085668534701,0.4120150066814088,0.9225104431758864,1.9862019751059639,0.8444784641664638,0.64,5.512724061507867,176.4799263998815,5.2762671573989515,0.40479228485227103,1
3.3233169637454942,1.0767792042487823,0.3991455436040975,0.9261184236662329,2.0233719397158376,0.8087744667350801,0.68,4.585804655265646,173.37081056376277,4.887230829037491,0.38089156760888304,1
3.359191759929982,1.0884571213382273,0.5296489053611318,0.9072452307593647,2.064897860291123,0.9045816841904106,0.7,5.878915265662999,168.84454497192152,4.798845371328546,0.4178403520934552,1
3.3637464009017775,1.1008865821187372,0.5467364060621616,0.9309291982152029,2.006063780655622,0.9068831558506696,0.67,5.444935245659799,170.26654142866934,5.0205170162713095,0.43060574146921365,1
3.293786889216995,1.089874964234644,0.3932585441621388,0.9424811800789035,2.016437230955866,0.8915220168803938,0.68,4.5112500317445985,164.4289441457808,4.843804248848522,0.42123716396623184,1
3.41000180973549,1.0653347749295865,0.4436272815798906,0.9339917726019721,2.0254992013148416,0.7955670315513922,0.69,4.854713974734565,172.09624402178332,4.942031608312305,0.3742965563380365,1
3.39578954372708,1.090332862865792,0.3188770961110946,1.012509839636858,2.024283306176902,0.8278202831622321,0.68,5.439515044428342,177.8755678572148,4.993808152539823,0.3896939173579771,1
3.776797658049014,1.0898267694745578,0.39810994446610914,0.952582550139957,2.0209527722336724,0.8555414019898693,0.66,3.797231258850063,160.06019731145668,5.722420694013658,0.40337597950795456,1
3.3674201385911684,1.102104799386245,0.3287433886605653,1.0073330631745099,2.0139047244416006,0.8838211865505974,0.71,3.4768271202844443,168.28686739484021,4.742845265621364,0.41809887471823665,1
3.338512715015079,1.071114804062792,0.4427150956830639,0.947351897566205,2.0664780848200355,0.8083010620151215,0.68,5.551748956035426,162.1939513703635,4.909577522080998,0.37309450193781457,1
3.3949815672412083,1.0731157097437842,0.4048051631813179,0.9037091667390016,2.0197055798109482,0.8958531915664482,0.68,5.984125786954414,167.71947452321058,4.992619951825306,0.4226309540810603,1
3.2133912188716107,1.0658537951734781,0.4397476370817436,0.972097258320073,1.9849711170938753,0.863078186214494,0.65,3.2294422427632847,162.1846793827818,4.943678798264016,0.41395210664476273,1
3.2807703817343787,1.0415735377471695,0.43333675045421627,0.8983387422942034,1.9388127953817396,0.8210139553377356,0.67,4.843746980618821,162.96759078865767,4.896672211543849,0.4026921732085814,1
3.1320695559226825,1.0725409387555167,0.4751714214796948,0.8547103310377219,1.9959893748093134,0.8970713799424102,0.7,4.28196980098045,176.32972681508707,4.474385079889546,0.42799424020172955,1
3.424163153644338,1.1048248609006937,0.5029108381421292,0.8662504238409701,2.0283866012543834,0.9202237325837344,0.72,4.877409258459936,172.3215808645171,4.755782157839358,0.43235741666546496,1
3.33122047967353,1.0760243939931704,0.47161731809191365,0.9558321144058521,2.034059631140981,0.8474771832137199,0.67,4.256440103185339,179.1224515479251,4.971970865184373,0.39711972938666845,1
3.286650475078944,1.0644944467244424,0.4876786367816539,0.89539875711274,1.9909769308857466,0.8386841241209618,0.67,5.009813521438409,166.62860132438374,4.90544847026708,0.40109678482473343,1
3.2930831972263057,1.0581780611164426,0.5656316011785144,0.9106928492394548,2.0065026897110405,0.8193795863209011,0.69,3.1311751294660914,173.4237892363255,4.7725843438062405,0.3889762829751238,1
3.508729070306058,1.0994961157032452,0.5211990138848258,1.0591373779499298,1.9968625788656467,0.8740756151541669,0.65,4.08014499019181,172.91503382638928,5.398044723547781,0.4168492603969408,1
3.3771129429743674,1.0608748110784052,0.368575046083829,0.9653162459742305,1.9610034932019207,0.8594065015080222,0.68,3.4857982262587526,167.15716301264771,4.966342563197599,0.4169844953406027,1
3.3629017237788674,1.0637115296441038,0.4474160961837996,0.8928766916923869,2.014322564556837,0.7814949860897105,0.67,4.5935843482423175,173.1696906962153,5.019256304147563,0.3696195647675511,1
3.2028668513794623,1.085671143391615,0.37348524307286973,0.9074290713014255,1.9789069480327743,0.8994839504615235,0.66,5.411358445152558,169.91726170852965,4.852828562696155,0.43267157835644643,1
3.327477524402746,1.054378873622597,0.43913247660420285,0.9534595035424086,1.9968128142882544,0.7833939728874431,0.64,5.933191991747444,177.15046132139037,5.199183631879291,0.3736117823914385,1
3.329273117743501,1.0895397251913395,0.5687447373648761,1.0095602018984686,2.05347837428072,0.877829829111864,0.7,4.41245364243818,172.50051419082416,4.756104453919288,0.407633454598803,1
3.2957090514109706,1.074685160648219,0.4775675396981216,0.9619097606572471,2.0254727815777493,0.8640628552890393,0.67,4.595601844024819,171.02770790761826,4.918968733449209,0.40652736782996624,1
3.233579705326692,1.06657414518502,0.3773438960970552,0.930475384720617,1.9914822688575011,0.8747209800146466,0.66,4.396936525691316,174.51854840703373,4.899363189888927,0.4182301676850811,1
3.3502540508783203,1.0884138005172779,0.4139410331376585,0.9852827070249066,1.989492252195926,0.8572221238530616,0.67,3.8252800179033533,161.666837019357,5.000379180415403,0.41025379393112116,1
3.43243895922469,1.0832320746679027,0.459016491580197,1.040950281082526,2.0072176270093043,0.8169723620357325,0.65,3.1784581688396916,172.52856804738772,5.280675321884138,0.3877019400199452,1
3.3436186759308617,1.050166325391084,0.3860023248401155,1.0202884511730805,1.9994917474610283,0.7895285136824011,0.65,4.479696877790087,162.43639178548156,5.144028732201326,0.3760569740925151,1
3.3139301415818894,1.0666333046209118,0.3745784619548762,1.021796335116411,1.9940202378341294,0.8831076581949043,0.66,4.44366550654306,165.1246846566485,5.021106275124074,0.42172833014656697,1
3.4458958480215616,1.0717253866734853,0.5219580899397551,0.9007065833154796,2.0260914253115803,0.9054256558774363,0.65,5.283334726082604,172.10167206845435,5.301378227725479,0.4258639328008886,1
3.25496568302467,1.0737098414841002,0.4775119052604629,0.9931657997567116,1.9508259526377834,0.8516514919853119,0.69,5.203230721586359,170.50740263177778,4.717341569600971,0.4152724373757379,1
3.5194360828416578,1.0660757897333633,0.4492219805233276,0.9794628783262693,1.9621437793594834,0.8529815733100911,0.63,5.261290450376537,161.9460579780757,5.586406480701044,0.41363826414423593,1
3.3190088781152975,1.0516913489367163,0.3964187758581914,0.9481739289112419,1.9856148929540414,0.8034406075329725,0.67,4.456822612265187,176.90307967561955,4.953744594201936,0.3852296079430984,1
3.291714282895566,1.0959588319814098,0.5221448348710762,0.989707906920853,2.059154362581093,0.8604939812511093,0.67,3.570809584444353,161.35880957635283,4.913006392381441,0.3985328683135275,1
3.368900639015982,1.0634177954823527,0.4053096547354018,0.8646896213602734,1.9880845095927562,0.8472572512137667,0.67,3.943943412130649,164.249841477122,5.028209908979077,0.4057581229693664,1
3.2605484501968047,1.0793511623878536,0.3337010347330829,0.9653123901885101,1.9824457119894863,0.9360113930188356,0.71,4.2069963877253285,170.80042612621483,4.59232176084057,0.44947697201892833,1
3.3536350403206123,1.0621236666594909,0.4194928961511478,0.9948951553790298,1.9442825477917105,0.8800552150036773,0.64,3.400541519210275,178.9033058293131,5.240054750500956,0.430495880304969,1
3.346440284450506,1.082578837821059,0.46918085194395587,0.9629494098775814,2.0573175115625126,0.864146873643097,0.67,4.128947637578117,171.19363557695016,4.994686991717173,0.40056545641128566,1
3.412696494199744,1.0844493538681983,0.5042370034313406,0.9713717935441423,2.026418753387354,0.8434761266887316,0.68,4.76345177587117,179.17547121370706,5.018671314999623,0.3966651090454721,1
3.274439681207745,1.0593462403647342,0.3923791386423685,1.0046298284395052,1.9787391455218803,0.8334585079899608,0.68,4.852393628298358,164.1265196146365,4.815352472364331,0.4009442501650277,1
3.2219693840545562,1.0811553884489968,0.42246629787776896,0.9370633172083676,1.9640944270768443,0.8358503759907157,0.68,4.7250716214787225,169.3756227957047,4.738190270668465,0.4049477412593187,1
3.358598381237824,1.0507524938097808,0.3983279094629505,0.9911916548856141,1.9616234167004076,0.8190929758402218,0.64,3.5081451743800316,179.77069987199184,5.2478099706841,0.39730484685276124,1
3.3801278329806066,1.0613733671082528,0.38578603446388615,0.9638317030078059,2.040525926224577,0.7932542347319919,0.62,4.931764935925,178.1126588203855,5.451819085452591,0.37058847314740073,1
3.2483322018525116,1.0676331063565099,0.36270946260677883,1.028380499440141,1.963841161398112,0.7798623473636996,0.7,5.549733532266653,178.87998429476343,4.640474574075017,0.37786936414980504,1
3.2239302150734988,1.0814459668378016,0.43655646564989026,1.015575802880436,2.013817671825905,0.8297822118774422,0.69,5.019115244219951,178.010234028413,4.672362630541303,0.39255145935111824,1
3.4486611480358738,1.06391173026342,0.4391640540344076,0.920989562152171,1.9854424546558103,0.8479926696483302,0.69,3.740604712309144,166.09949782578943,4.9980596348346005,0.40662482331035416,1
3.4288232057194232,1.0333544734341975,0.49070691169123737,0.8966188249631626,1.923387522447781,0.8474408679080213,0.67,5.9141532826321255,171.94687944558623,5.117646575700632,0.41882281990294906,1
3.422205146167836,1.0553962228404128,0.4244480428212818,0.9104222385023153,1.9979732837768058,0.8701344938273543,0.66,3.2476702033830134,174.47298895994464,5.185159312375509,0.41475003545370415,1
3.493303426841664,1.0769153703151582,0.4438306178557403,0.9463913925268524,1.9898533562507108,0.8334203526849967,0.66,3.8279706708204415,170.55868517971604,5.292883980063126,0.3987937001379798,1
3.2891135779866385,1.094382323690953,0.4779271129980202,0.9260800389214664,2.0261469810621664,0.8942937844232004,0.67,3.4101244467518272,160.24933041181208,4.909124743263639,0.4206171033276519,1
3.3557963331677105,1.0900788995519337,0.41477685722768687,0.9701974147079528,1.97580266234865,0.8860120237530937,0.66,5.235221183425488,172.2977915413953,5.084539898738955,0.426828638301592,1
3.4485700523384732,1.0797702084130671,0.5111940487659019,0.9343273001450187,1.9768475127244702,0.8718154556242466,0.66,5.7687165669823575,167.31543734059042,5.225106139906777,0.41977826984542216,1
3.297698306053759,1.072442585736185,0.5216345438557725,0.9950272487700265,2.021485926610578,0.8176816442855326,0.65,5.475303077713075,160.79488802391234,5.073382009313475,0.38542873842765163,1
3.4642917530387907,1.062776610773149,0.5476465577787325,0.9196660458009559,2.0050309664258643,0.8453976984361928,0.65,3.651344738664088,179.00740685245498,5.329679620059678,0.4016082005062353,1
3.325824846509358,1.0739309868711735,0.5254375822374268,0.9908379359953099,1.94333245420984,0.8674678181853295,0.67,5.190569390019023,164.53344812232822,4.963917681357251,0.4245358196108037,1
3.326543874018052,1.0480917034639101,0.42705798683968044,0.9174210957699938,1.993221256817384,0.7843618057615281,0.66,5.875835332217257,162.6149816426318,5.040217990936442,0.3747151922936722,1
3.489807229168553,1.072633987277711,0.43633203161067047,0.9168671645678046,2.0546832157828057,0.8360932411084239,0.67,5.444607139142975,177.1671992278887,5.208667506221721,0.38803534319297495,1
3.31220814708099,1.0681464561077127,0.3979613763234451,0.9475365570859319,1.99820773063297,0.8501305239922751,0.67,3.074880637843419,161.12708103975933,4.943594249374612,0.40516985595883526,1
3.1930531409064127,1.0794574304899938,0.3864894069125874,0.9617357285198345,1.938713700096131,0.8657792601744907,0.68,5.007614206088098,166.59316412729586,4.695666383685901,0.42466936879546496,1
3.3759374261471824,1.0781234693556336,0.46499485578697086,0.9440760969186167,1.9905204898637083,0.8795378014404402,0.69,5.406206720567517,174.30995094230076,4.892662936445192,0.4207267069158369,1
3.2230023084183164,1.0589854180231424,0.46059729658864235,1.0227674516037322,1.992855922157462,0.8368966078993253,0.68,5.603104857160215,166.45915865207834,4.739709277085759,0.39988257148470774,1
3.3507264566613038,1.0746204570666555,0.48546494274818286,0.8454703780155463,2.0211013398451105,0.8637651507149517,0.69,3.094463107583592,169.02369149602612,4.856125299509136,0.40722483857278907,1
3.2918194156137353,1.0706622480683237,0.38295523460683467,0.92809413373097,1.979525939117962,0.8393343010849609,0.66,5.081278614874748,161.53546861153896,4.987605175172326,0.4036180964595072,1
3.257128654508131,1.0889704101371418,0.4053886107829833,0.970676912926369,2.002506511587943,0.8678660602000182,0.71,4.911169631163942,177.50190331376047,4.587505147194551,0.412776871518249,1
3.2293803769627147,1.0520181469583634,0.46724421530975546,0.914558717428443,1.9805371219256986,0.8579552490358309,0.63,4.957084593078367,160.04717172646843,5.1260005983535155,0.4123719975934516,1
3.4569028330518092,1.0841932687612705,0.41952800886929953,0.9742166479112753,2.026637120245373,0.8575563360831986,0.68,3.3034710532553815,172.55633280520686,5.083680636840896,0.40324525887343354,1
3.400815458233876,1.0897182399035783,0.37956123212528076,0.9065793422391295,2.0297115176679403,0.9096393730283046,0.68,3.5276242995245446,166.89808472437457,5.001199203285111,0.4271185864761489,1
3.192860678045292,1.08758733821925,0.38255343742339276,0.8792369339508632,1.981574075166629,0.865652360478731,0.68,3.5476863959729648,161.16241377165383,4.695383350066606,0.41586430711548705,1
3.3036249190003395,1.0635803178625018,0.4850723416980126,1.0180018756472928,1.9743002681291095,0.8508985707376622,0.67,5.265636294852046,173.42222559032888,4.930783461194537,0.4102099314218958,1
3.1091446953933692,1.08233703542654,0.46143657093680956,0.9382824639834191,1.9868512655538813,0.8489377352906408,0.65,3.597023185330289,170.27629842003262,4.783299531374414,0.4068031820491625,1
3.4333175212296068,1.0703381112201809,0.44936261105844555,0.8991948677076159,2.012188208427427,0.8350727265236608,0.62,3.5795339678762854,178.45719254564764,5.537608905209043,0.39535905142912986,1
3.209623485884637,1.0720236758184079,0.5177760842346346,0.9407959523035234,1.9735579292609855,0.8456374173198682,0.7,4.019353630211175,166.02101584638064,4.585176408406625,0.407819528640443,1
3.3476444614361536,1.056049835806025,0.5245784110298445,0.9868013833739431,1.944325308370545,0.8401751698530585,0.67,3.6029076634779025,175.44567798132397,4.996484270800229,0.4109791951471416,1
3.3103979855491823,1.0871629230995639,0.39915253496219977,1.0685030859402675,1.9543781247016345,0.835077551614684,0.71,4.676934323021196,160.28807487448157,4.662532374012933,0.40648678136405175,1
3.5367915294605545,1.0640212861347362,0.4300207020592063,0.9470242003887389,1.987507531979936,0.8375421089763668,0.65,4.194513751931328,175.20546574075087,5.441217737631622,0.4012163291128268,1
3.2423931494616034,1.0578300477455127,0.42041182946396516,0.9285119771445339,2.038717177142307,0.7821125598537441,0.66,3.2504090446581024,165.920769191979,4.912716893123641,0.36569237307888486,1
3.295345565846015,1.065450984304355,0.40447362114759866,0.9259193782480846,1.9990570787998074,0.8898587510398677,0.68,3.6862255197054843,173.0064773068282,4.8460964203617864,0.42393261242265434,1
3.491619757321259,1.0741492844727434,0.4175214004900214,0.9514783932486475,2.021775296573943,0.8158603624926052,0.64,4.422854973032838,169.0242772501777,5.455655870814467,0.38451779687037785,1
3.288936830907104,1.0690199429656553,0.46753508433767527,0.9497599178101875,2.0183074167100523,0.8416370894605489,0.7,5.209611470234503,168.74211377039106,4.698481187010149,0.3973158394392525,1
3.2857319249925014,1.083235578322597,0.4271295783783262,0.9118231592056197,2.020893996810999,0.9125547119783546,0.68,4.278955144469331,176.76762824799334,4.8319587132242665,0.43026889290576636,1
3.4696510451966875,1.0630954424028858,0.5820056110278695,0.8950289416404384,1.9998986991588694,0.8651715652627819,0.64,3.5446937029198335,162.66328228015394,5.421329758119824,0.4120063342147567,1
3.4519630748072316,1.0729983831517975,0.47526006584814473,0.9455336016489817,2.0787231197253155,0.8317186225826315,0.66,3.5205194745855666,173.86310916314682,5.2302470830412595,0.3817459020159896,1
3.380045120039396,1.0509202278411445,0.5053978289675315,0.8708983921133078,2.0054489688299166,0.7890945234624565,0.65,3.6217378521222123,164.82239857578517,5.200069415445225,0.37478681988715606,1
3.1305185355260536,1.0492350441689964,0.6257266451095445,0.9327211315009443,1.995136443496867,0.7958098168514335,0.69,5.669923948197407,161.3340293850251,4.536983384820368,0.3798367496883377,1
3.4420138993581593,1.0675453057228546,0.48500206064423,0.881813134752863,1.998093411614591,0.8255787686345476,0.66,5.118872980918169,168.40997150397567,5.21517257478509,0.39348999623387704,1
3.3220871362483213,1.0425142044162465,0.607408000407814,0.8631963850984027,1.9643438145634924,0.8521497674184222,0.71,4.184741977245142,167.0864198856344,4.678995966546932,0.41279449741205543,1
3.220848351612181,1.0752603920601034,0.40990759080880107,1.0464470917513327,1.9599800262844465,0.8433182530206281,0.72,5.505349424453366,163.755350887722,4.473400488350252,0.4093817620851926,1
3.0806184403730037,1.0731804770717166,0.4309966854138604,0.9666507761049404,1.9504318267267196,0.8117529985234956,0.7,3.8354357044846554,173.59756760487736,4.400883486247149,0.39589367856202595,1
3.308143178742492,1.083539230157527,0.42478143152817605,0.9503651730771898,2.0237886583367977,0.8523929378454712,0.66,4.312879961530399,169.63148293763413,5.012338149609836,0.40135487799101704,1
3.2938020086960047,1.0950937387743158,0.4905372554316565,1.0180871801729983,1.9935245623285478,0.8561972713405149,0.7,4.225295246069555,176.44850658590605,4.705431440994293,0.40897407498682475,1
3.422680086463531,1.0746363274580175,0.41982279782232945,0.9262155244418822,2.0507781604155677,0.861464665603107,0.66,5.166979014288595,174.52077757017304,5.185878918884138,0.4005362716890602,1
3.3558110550337226,1.0529126825461257,0.41632646853884847,0.9280403188119453,2.077809081834543,0.8538982610198873,0.68,5.369166243453958,161.2756737835322,4.935016257402533,0.3920905042330802,1
3.3441278936600467,1.0876579910783415,0.4087687572908887,0.9897366598940789,2.009239301930842,0.8244526216666808,0.65,5.337602547699204,167.85133687645722,5.14481214409238,0.3908767587025139,1
3.2687024926246493,1.0709663196765424,0.43394937964491465,1.0065101475239033,1.9795586568488215,0.8324441417528099,0.69,5.835751460530158,161.55510798755583,4.737249989311087,0.40029846670169034,1
3.3917089884604654,1.0741104407019109,0.3609921273354405,0.8851711757687614,1.9865400586689035,0.9093236279165534,0.67,5.728298268717997,166.64417672448693,5.062252221582784,0.43580453878113,1
3.3246492608744624,1.048453033706786,0.4526979990153692,0.8591297040843934,2.0098368841095415,0.8275560905218313,0.65,4.218339383161083,178.06104097294735,5.114845016729942,0.39223700028881714,1
3.147339253423536,1.054920609840191,0.49860610402006733,0.9224686637634539,1.931513990768103,0.8706605465602613,0.68,3.1357975015976782,168.05894788495488,4.628440078564023,0.4285771845612886,1
3.461353831105783,1.0637005945543097,0.5136464427546626,0.9735979065722503,1.9797685749432865,0.871087019781483,0.68,5.153428989505655,173.32927743733563,5.090226222214387,0.41883843725508585,1
3.2919620843172264,1.0785098260922976,0.4501373850038486,1.0077829125464077,1.9771009024490738,0.8878403351152434,0.65,4.121147113879527,171.2010033448016,5.064557052795733,0.42744208240842135,1
3.285367946190936,1.0791341771967526,0.36605329102378825,0.8915266492132267,2.0213193000727214,0.8716132176228459,0.7,3.8188524547898814,162.67787776783229,4.693382780272766,0.41088261328361364,1
3.491903690496077,1.0674609142991835,0.4539834241914944,0.9233114140672967,2.0167751776708664,0.8373696782690343,0.64,4.539748989630345,175.16820780354968,5.45609951640012,0.39558744221028247,1
3.4522204559168435,1.0508006976906639,0.41544324729168025,0.9290827316042758,1.9786537872442973,0.867761558114284,0.68,5.602299225301049,163.87339920380572,5.076794788113005,0.41746324637576543,1
3.1959494221089,1.061069550340642,0.3907402533313151,0.9291211789567699,1.9609075599495274,0.8240981413730882,0.67,5.019835028442154,162.7296271855946,4.7700737643416415,0.3998714728346529,1
3.08816682253969,1.0696623618017136,0.4517228267961396,1.0391840153326224,1.9465299640978522,0.9028733884423265,0.72,5.76974140263932,176.06000241572576,4.2891205868606805,0.4411728165633429,1
3.214825717466447,1.0620621875037088,0.4071975157687113,0.9595884437346285,1.9878125129895239,0.8660447630517611,0.68,4.803240191332076,168.03479052562741,4.7276848786271275,0.4148096429461848,1
3.638443528128357,1.1122051329369682,0.33770243112026965,0.954477249276621,2.008127228819546,0.9234411402582167,0.66,3.152106473656149,169.7389615528949,5.512793224436905,0.4380386191279836,1
3.232335955670263,1.0553097263049034,0.45482582649696796,0.8736430423962747,1.9584617441637193,0.8889066296780767,0.66,3.0420890904939073,176.74886485415448,4.897478720712519,0.4318305318028673,1
3.3423163669368012,1.0948917159625238,0.37662845680542467,1.071683909121243,2.010208230865204,0.8989486035252281,0.66,4.796826720286558,163.75458927228925,5.064115707480002,0.4259999512733638,1
3.3442881638589697,1.062962067004228,0.35332439429944407,0.9602788771766791,2.0344178455761606,0.790874680547822,0.69,5.664350024983578,166.2107840590225,4.8467944403753185,0.370534139876597,1
3.2574625836037274,1.0590285260681525,0.45110907051810323,0.9545243279048087,1.9385224150172191,0.9131328377965019,0.66,4.743939093850848,174.0583304572561,4.935549369096557,0.44793858093966005,1
3.245669977147774,1.0725598828479022,0.428063228992438,0.9365483837910855,1.9917683053818407,0.854830365536656,0.67,3.893097054631506,170.75920933277908,4.844283547981752,0.4086639822093544,1
3.255429993099751,1.0970632614620799,0.3853749259090494,1.0048974304341511,2.0587961883536896,0.8711739053923859,0.68,5.147964230428951,173.20838219557405,4.7873970486761035,0.40354615692403467,1
3.369585182228442,1.08322763526549,0.4589726888146721,0.9122523953677206,2.041031135130411,0.8919004525126712,0.66,5.856135679476876,169.66297116152404,5.105432094285518,0.4165751902801475,1
3.3288805941196635,1.0773893838451254,0.4542305565415071,0.9839963739888177,1.984847775441363,0.8460678628310321,0.68,5.950187836902257,170.53861419792517,4.89541263841127,0.4058175722934588,1
3.515936243264684,1.0846996722990205,0.4586307386912908,0.9608306621385541,2.11596902945325,0.8411628295067818,0.66,3.2458589635491415,178.85311433565408,5.327176126158612,0.3795914195219251,1
3.3837770243461853,1.0597820316185704,0.49641555461095815,0.9617755638123213,2.0258833426957725,0.7663262462371216,0.67,4.236727940195572,172.69676011324844,5.050413469173411,0.3604742700817087,1
3.218387942875453,1.0711937296503415,0.40227171229777725,0.9579451888973709,1.9839760401926814,0.8287405343760639,0.65,5.061730821301529,163.10505382428377,4.951366065962236,0.3976727747308648,1
3.2163947622701494,1.0561924929114903,0.42132488477743824,0.9271688779447974,2.0118518674291264,0.8230469862434612,0.66,3.7164434990641286,173.43658231182343,4.873325397379014,0.38972761249840954,1
3.521283209803009,1.0656801431039724,0.45735656770493177,0.9208666933865169,2.022458036155414,0.8786976345450384,0.66,3.0362450754845107,164.40181217677858,5.33527759061062,0.4140000035697746,1
3.1842488506764313,1.055354946213916,0.5209245608072792,0.9588954125718805,1.97054896870332,0.7848183168416407,0.68,3.1800050450983135,169.27699738094427,4.682718898053575,0.37903876155758476,1
3.359304987542094,1.0825560314795937,0.40819868244219515,0.9925827965394081,1.958907039954477,0.8784251755519096,0.67,4.467710317022508,167.30042133700016,5.013888041107603,0.426646350954889,1
3.2974536709270117,1.0612988233347715,0.4219443621726819,0.939217836803774,1.9640186548747713,0.8461381063356089,0.67,3.606364795498896,163.7374369050006,4.921572643174644,0.40994692772626423,1
3.2679588624186318,1.0388079081137278,0.4438026688579312,0.8852788393385908,1.9578810077575048,0.8220236593300804,0.65,3.0569510739900356,177.8667021873894,5.0276290191055875,0.39945150192422857,1
3.327528118211162,1.0696137359882842,0.4196093270504673,0.9544597166804252,1.9728103378687671,0.8893827269901399,0.67,5.584077115986712,175.56728962108494,4.9664598779271065,0.429070962616189,1
3.296816800579058,1.0670571336014438,0.35866225760470305,0.9323356170805909,2.0008247496523817,0.9385740773627079,0.67,5.225647664328553,166.43703620543369,4.920622090416504,0.4467645754449587,1
3.4017227183597147,1.0855887988301989,0.4055127348384321,0.9546772513196229,2.095252056503655,0.7957204210656386,0.65,5.59705091724216,172.30271322399952,5.233419566707253,0.36247337462148677,1
3.375767453743546,1.0727374769599547,0.49177167073989636,0.9154471017900082,1.9771878320241698,0.848851212226435,0.68,5.642729908475491,171.67082497657353,4.964363902564038,0.4086540461770613,1
3.2943635414134733,1.090213535857462,0.5354176337825218,0.9626705062036699,2.0059836898870094,0.9281668653382,0.7,5.713777310052542,174.24577610441355,4.706233630590677,0.4407284205453643,1
3.2607111272645026,1.0477620709953228,0.3984899626427393,0.9050642929961816,1.9774858187597446,0.8363212517111501,0.67,5.189903658333062,179.9253482008584,4.866733025767914,0.4025641206111493,1
3.420937414302243,1.0674245759015373,0.3976597196289865,1.0082894712939767,2.0033695114587404,0.8452586199095696,0.66,4.960096434045138,170.67875305717297,5.18323850651855,0.40185930969559464,1
3.2938330081650626,1.0726595400404646,0.3457764626623142,0.9446887081637607,1.955394404638112,0.9023948335685006,0.7,5.451876204782149,175.3643771877727,4.70547572595009,0.4390373115408879,1
3.2265591973272385,1.0792119617973137,0.39983508595069417,1.013368957862045,1.9535041725144666,0.8813862557937963,0.69,3.2378653181584696,164.54533764549117,4.676172749749622,0.42921084241799223,1
3.4624054282035943,1.0608486288696026,0.44004948096674024,0.9486880529738198,1.9940363397265362,0.8026186177192697,0.67,4.724893142068707,172.2635974040989,5.16776929582626,0.38328781716562044,1
3.2183673095403673,1.0619991478967692,0.480993673445441,0.94665252168419,2.009108633041685,0.8112734972177595,0.68,3.003143836000613,164.34247082640545,4.732893102265246,0.38465230501084635,1
3.3025755995137476,1.0628514214684854,0.5696014072062366,0.9235653120230465,1.9472630330978062,0.8289374890101702,0.68,3.3879540884055217,170.8728072824477,4.856728822814334,0.4049003355254588,1
3.3390501101790853,1.0728191759106258,0.4152406341357674,0.9138694467874282,1.9956679122417502,0.8345698069313968,0.68,3.8394802159575785,177.3865900131117,4.91036780908689,0.39823571380574885,1
3.2972733532695506,1.0589015008348595,0.41711271615617246,0.9509740176270111,2.002107013430783,0.8540326128139688,0.7,3.959515573800504,167.387026656523,4.710390504670787,0.4062745651659898,1
3.3389644880086955,1.0676890838720887,0.42708619068569564,1.0620150901825707,1.9683516383930861,0.8449966233497967,0.71,5.458436495905721,170.04171001444524,4.702766884519289,0.4085362506378651,1
3.5126181375631775,1.0744153059529102,0.4289984689076437,1.0079328610692644,1.9980476931789717,0.897414115702442,0.69,4.575132810448277,163.4271138191948,5.090750924004605,0.4277377099767813,1
3.474460766493685,1.0803821295094058,0.37354245634006755,0.9947282594089776,1.998822594258689,0.8272328649591891,0.73,3.282412125559359,178.27368788864348,4.759535296566692,0.39414139490497074,1
3.3726925234597003,1.061542692584745,0.41247017229405025,0.9726537899976524,2.002503376223544,0.8709439204418515,0.65,3.41141354363143,166.31659644247765,5.188757728399539,0.41424138971239893,1
3.3703587863474125,1.0489580585504514,0.4542975142282018,0.911330279238528,1.9802191986949484,0.8914720010920172,0.66,5.023645583350072,171.0139131538914,5.106604221738504,0.42854714621002116,1
3.221117693619026,1.0645044145019866,0.429975017148265,0.9199670025509018,1.992841838292995,0.884921986897176,0.71,3.140367260279102,172.72875488708084,4.536785483970459,0.422832710387209,1
3.225118461467949,1.0467358227098689,0.5037573550575519,0.9663055683878939,1.9874156298647332,0.8260762616881108,0.7,4.431279690737517,177.79834949018667,4.607312087811356,0.3957411499029742,1
3.374637797569654,1.0533508889788445,0.4312311179242907,0.9336953624545845,1.9632161822049181,0.8249344199940891,0.67,3.266303767235945,175.9799029799731,5.036772832193513,0.39982936694132465,1
3.316980958288128,1.0682912300551477,0.4798776314574098,0.9398098330345478,1.9535015498333699,0.8321023586607346,0.65,5.930625699177602,176.46365472735295,5.103047628135581,0.4052114588022858,1
3.0288746917978804,1.0568569790836184,0.374829078561447,0.26358115008251765,2.0992223327719834,1.187501645473262,0.83,4.9497716712262765,166.15389277603128,3.6492466166239526,0.5399643445674225,2
2.9449342170742185,1.064481456513831,0.3732653741738601,0.0866283753175762,2.0655058016541052,1.3353128060462935,0.75,3.6859363381053876,179.097232577103,3.926578956098958,0.6166285978205761,2
3.0667807721367053,1.0244199062692771,0.38262181091600755,0.22461762421277576,2.049764619214726,1.2548296024937418,0.82,4.7927070628965724,176.68384581069589,3.7399765513862264,0.583705579335523,2
3.1718276729487713,1.0613949662580309,0.3646143437361604,0.1629889108749949,2.016399274012707,1.264658592870072,0.76,4.619687084186856,179.68421503645249,4.173457464406278,0.597551987660755,2
3.09183548873878,1.0367430326878444,0.6470976694543037,0.1973476102731161,2.0711089797253046,1.2663809239654147,0.85,5.898137369649454,175.26266937075576,3.6374535161632706,0.5832875897946131,2
3.1972756999745586,1.0473250658435207,0.4499922297690878,0.25874891456540255,2.0373302144490557,1.26341514615087,0.79,4.283472337600255,164.99144351497623,4.047184430347542,0.5911183670215149,2
2.938422810501733,1.0338701956662941,0.37721624959407873,0.18183133950796032,2.024901951972808,1.2031010561777804,0.78,3.5455078216502827,165.36930612915174,3.767208731412478,0.5661913271154905,2
3.056747866483651,1.0659823292223727,0.4470595447502943,0.17760865404477294,2.042830138855475,1.2111784889050714,0.82,5.8495151360831485,166.07457741681006,3.727741300589819,0.5652237510304872,2
2.938014823371979,1.005674427269107,0.4295516898707057,0.16097868193925724,1.9329575154188052,1.240804405873002,0.78,3.6403961361380492,175.1116650342205,3.7666856709897165,0.6103444840643345,2
2.926288978571383,1.0292298169197627,0.3441297725882789,0.25300765982701917,1.9657891245454238,1.2641749257380028,0.82,3.546368325572528,174.45746553972705,3.56864509581876,0.611957392319114,2
2.9671034906646976,1.0549436156426963,0.4550161903098328,0.28187131660981823,1.99165482520885,1.2644907098240545,0.85,4.6416408985467035,174.92592920582453,3.4907099890172915,0.6045408136104848,2
2.741532435111135,1.035855577955367,0.7796319627483609,0.12818464611347918,2.0122047133968395,1.2447933580171977,0.85,3.786359545332193,175.1439697689186,3.2253322766013355,0.5893336711740056,2
3.0266248359776933,1.0612018253859474,0.4695268144534367,0.24341265950326388,2.020617127474489,1.2513207482955992,0.85,4.871788820244264,171.2056100800279,3.5607351011502275,0.5900738667454966,2
3.1058003653075605,1.050795779289423,0.4952631697645532,0.2349382360290751,2.019187841438071,1.2141826076595037,0.87,3.643259447948518,170.08668534942618,3.569885477365012,0.5729471375390514,2
2.893288180097223,1.0446435408273145,0.33299106862442635,0.286737636768643,1.9714165940433515,1.2366562251780726,0.84,3.338183206348427,160.02331088938874,3.4443906905919324,0.5970099055565408,2
2.92605782310091,1.0608190407130478,0.34997643220010854,0.23514769693369533,2.032975994255888,1.3114777776122999,0.84,3.058638953423707,172.11155687724172,3.483402170358226,0.614858198659579,2
2.9020105517094983,1.0751558676585145,0.4247404406631226,0.2581680318091582,1.958094707751453,1.3319320656282538,0.87,5.056057530411651,171.33814966910424,3.335644312309768,0.6471675285941726,2
2.9364476679137956,1.0569281365974463,0.3676842501157114,0.21703676534882171,2.04646663164207,1.2071111664771221,0.82,5.947122982574069,161.6079468373429,3.581033741358288,0.5623712703857265,2
2.9530564079084067,1.052233018934258,0.46220738687232543,0.21782851570939465,2.0208660179474327,1.3039020906125056,0.83,5.31513449088649,176.73073949874237,3.557899286636635,0.6147970119651489,2
3.0805259277154544,1.068430086645553,0.4820073701107379,0.16652462943338242,2.0242818368659576,1.2634659184127,0.8,3.3463669100322115,168.4165586731185,3.850657409644318,0.5947732059305013,2
2.949193919063989,1.0520349866750711,0.5425104720463578,0.20856673412877552,1.9974450097862602,1.2071121767655009,0.87,3.2976469905040178,170.2533354507024,3.3898780678896427,0.5755155301489937,2
2.9704177096667674,1.0016935789110593,0.390182734635812,0.12007888630659766,2.0183897898061067,1.17908832962206,0.74,5.635814642758817,160.25847025700273,4.014077986036172,0.5565964938539382,2
3.085764305460947,1.0774795586561379,0.3911910294384747,0.30675794363765885,2.053133093194559,1.294815062291646,0.84,4.155381727747198,170.54700649793494,3.673528935072556,0.6013632257031336,2
3.0716823123949677,1.0724211188412947,0.3678485232390343,0.2749713580222056,2.061375756684466,1.2715827816258496,0.83,3.8771231141540543,162.34005985322733,3.700822063126467,0.5883210162292408,2
3.002963079752391,1.0418618028760824,0.4062968905595,0.2422609379209913,1.9975249974397435,1.1779373954404753,0.85,4.512056043285372,178.63774750748877,3.5328977408851663,0.5615844373145852,2
2.849864058611435,1.0508520484219679,0.5556669835997098,0.07337775588821971,2.0565847854322126,1.2826486239761055,0.84,3.215414911170575,160.75649237601763,3.3926953078707562,0.5947591917741565,2
3.0095510188952046,1.0210632180107977,0.3472675766147688,0.1119862330877639,2.027200898628676,1.2392824963452502,0.81,4.170201542584037,166.3496397748882,3.715495085055808,0.5825883663100028,2
3.1469790217211524,1.004743139027172,0.41370683231334,0.13980720405563576,1.948863768003939,1.1690892441507201,0.78,3.5176596504963094,168.26583120443135,4.034588489386093,0.5706036986976835,2
2.8155087210587095,1.0268522868793446,0.3315403525363656,0.27401780943670856,1.9800371250870328,1.189891247475907,0.82,5.252560610476836,176.63768765075466,3.4335472208033044,0.5720528894050964,2
2.988920373527329,1.0076074355951712,0.3453207684879872,0.22499798054705597,2.0089230326020013,1.1773424370218684,0.83,4.187418315715082,170.5501642926269,3.6011088837678664,0.5582671433813573,2
2.8624089980469227,1.0228744578824556,0.34173934422539654,0.16738341191521533,1.9814316826219034,1.1821434521863974,0.84,4.958582339930461,177.87553223486418,3.40762975957967,0.5679472749724337,2
3.0280587024839685,1.053929341959806,0.7295392975785495,0.13532651361884987,2.0137952556166403,1.298448759163522,0.84,5.602775703747863,168.4826983450986,3.604831788671391,0.6142736652063949,2
2.7788522819687747,1.0185223948075237,0.3663898054643721,0.09731000591532006,1.9767074805409366,1.302307259821187,0.77,4.241573372281699,172.2917933503919,3.6088990674919152,0.6271019255354945,2
3.0199419977596524,1.0690817321838209,0.4685907680293868,0.1404767443390315,2.0750723266954467,1.2679402980241936,0.79,3.372110042483789,177.00132398781315,3.82271138956918,0.5829416716227342,2
2.9831787690985054,1.0335958157277496,0.4432644053610608,0.12371786171428249,2.024586784597248,1.253120072428716,0.83,5.283059481101077,167.56467261253036,3.5941912880704887,0.5898182561962355,2
2.9821437803557083,1.047367628725375,0.5309289820935568,0.16314943035205132,2.1031270414599046,1.1933351081407133,0.77,3.6938381245795,173.2060548861759,3.8729140004619587,0.5416551500134774,2
3.096204582552375,1.046284061363738,0.35754048302831765,0.2554685534196259,2.013670668971731,1.257904963147026,0.83,3.5844320909008536,160.50458205967624,3.7303669669305726,0.5951281728099003,2
2.9788287741057125,1.061407432444941,0.3421851070728903,0.21485726768425967,1.9747970955855685,1.2514191521927525,0.85,4.234986909360705,164.04796085903124,3.504504440124368,0.6031525467503921,2
2.9128427451973624,1.0285022935670878,0.5628980598160451,0.22519385532701358,1.9874664590783873,1.2463247298970872,0.8,5.509646806537605,168.58767882568566,3.6410534314967027,0.5970513799044883,2
2.9884704045044708,1.0381402260153973,0.5133392270781405,0.2779684422288689,2.0632435557863245,1.267824129107038,0.83,3.8568651845688664,161.7722908213868,3.600566752415025,0.5860755372254848,2
3.0481986221304123,1.035647167911091,0.36643316603122866,0.17121528723340645,1.9658726330950345,1.2770185877887275,0.82,4.903384979027885,162.21014730246324,3.717315392841966,0.6181497190732097,2
3.163217784427837,1.0292670406489366,0.3979228485649911,0.1823594622744536,2.0518285040135056,1.2747584522575397,0.8,4.849721379078774,161.58752466460112,3.954022230534796,0.5924070853601532,2
3.0741389018682463,1.0596690947551615,0.4030568559428056,0.2382440080710458,2.0913800306781836,1.2245487010455016,0.83,5.662616785810119,163.95137162481987,3.703781809479815,0.5588025280428109,2
2.859642358805076,1.0592036320099545,0.48240316904063213,0.19336852396877172,1.991358854783489,1.2710907539575296,0.85,3.781868951929226,178.38396230958455,3.364285128005972,0.6077822326140777,2
3.021337464395257,1.039314148519711,0.34966658173124043,0.06549012035515306,2.0689911397452687,1.2559327280158121,0.83,3.990164655534163,173.98695329928688,3.6401656197533216,0.5790400453933213,2
2.909597818874375,1.0517145750663863,0.3801001823233531,0.2240883020089499,2.0498474036358605,1.2676402569829175,0.8,5.603156117524415,169.67370363361115,3.6369972735929688,0.5896419693970193,2
2.935803970991758,1.0283830072991664,0.452795477315892,0.13843406581890058,1.9766236816820448,1.1756043632294586,0.84,4.381914846147445,170.6794994653288,3.495004727371141,0.5661133375293258,2
2.973451972528226,1.0555867878192091,0.4392902728686223,0.20777229866992167,2.039948850579372,1.1796208912924666,0.78,4.538589217638815,176.48637655063982,3.812117913497725,0.5512378910239348,2
3.198382721870218,0.9934444135997025,0.4434014053228468,0.1090200877159568,1.974909032508425,1.2622129685440924,0.77,5.381919178433896,178.05049220406835,4.153743794636647,0.6083220752179974,2
3.071622890017463,1.079536743488054,0.48344948432651125,0.19864326511227137,2.130406190231549,1.2714103971983794,0.81,5.907967631548427,176.17815567074436,3.792127024712917,0.5700353607189318,2
3.007575495962894,1.0510398720122125,0.49690418421394483,0.23117082458830715,1.991758126887936,1.3152661622108486,0.84,5.018137926495209,160.8899357792306,3.5804470190034454,0.6287850135750005,2
3.097566096512722,1.0426865547216437,0.34200638244209824,0.19955274018400596,2.036982378953047,1.2453047419020655,0.84,4.367330820711951,160.6078444560325,3.687578686324669,0.5827398270416094,2
3.0603457777833922,1.0644136133317064,0.7658967822682803,0.15294653491933846,2.1011789567214643,1.3170475194405884,0.8,4.227326943085828,160.99494133878292,3.82543222222924,0.598337320742998,2
3.313514882290392,1.0432373903502223,0.425239923462567,0.26744072212629605,2.0774005228296066,1.2278410675773102,0.83,5.481697581933198,165.90283155220982,3.992186605169147,0.5639022562471366,2
3.0289845213296305,1.049412373781906,0.3687477803170307,0.20336193651776524,2.045315244693181,1.2316951887153125,0.85,4.343094886408787,165.40331646072715,3.563511201564271,0.5741324925379288,2
2.941676760461939,1.0391421054372594,0.5470418260733904,0.18936835258782647,2.015990036178795,1.2479418929950867,0.8,4.086903331143792,171.97801739874424,3.6770959505774234,0.5897673768108609,2
3.103650965000076,1.0527370732706993,0.3945576789942765,0.2777394892804616,2.0464538860146413,1.2477493516118343,0.82,5.201211893044965,176.08279053524933,3.7849402012196047,0.5813073179636542,2
2.870539759655192,1.0632475948821014,0.4274791935410467,0.23957925235174665,2.0251958458514543,1.2275993614238783,0.88,4.730463227762406,179.53766763676498,3.261976999608173,0.577640580194172,2
2.8475832320835246,1.0391091192818296,0.4341407494720482,0.2424976684668832,2.011374247271994,1.2724262001675073,0.83,5.5132532359566415,170.0384067588712,3.4308231711849695,0.6026530833231241,2
2.9692653905859574,1.0490839499362117,0.5144784997883303,0.15381736966258613,2.001947795309045,1.2428599957563748,0.82,4.133451630773852,168.30990561442272,3.621055354373119,0.5912896593008103,2
2.9700161466369703,1.0687465424689768,0.5398168481761512,0.24564937613043175,1.9786675014928359,1.256055272237932,0.84,3.7366850615394664,177.8100534380472,3.5357335079011554,0.6042598305577352,2
2.924150654676345,1.04158624501595,0.5009861195279512,0.2820810892395365,2.0434182752047922,1.176946360993837,0.84,5.214029981828023,171.27643808171874,3.481131731757554,0.5490978474004968,2
3.0539849093097846,1.0283747624124866,0.38745178475490455,0.285298852092124,2.0229780856136883,1.200231608934033,0.78,4.466476094010018,162.5046461795931,3.9153652683458775,0.565352801834072,2
3.070100358659716,1.0327805892792257,0.5637969357852676,0.12466106008633579,2.0638257557007655,1.1901299053785852,0.77,3.7702017419070812,175.8221594117699,3.9871433229346964,0.5500118954786892,2
3.03033624523764,1.0638011202255977,0.4298674113477587,0.11977718795125795,2.0650710978990605,1.253368349590732,0.81,4.27803236298122,163.6854995737711,3.741155858318074,0.5789040141947183,2
3.1382048749767826,1.019557333524629,0.6771295582131373,0.14466009298539245,1.9797633076852243,1.26979817435492,0.79,5.539246512459723,172.2333762623254,3.9724112341478257,0.6105493686049327,2
3.2203272034451738,1.0487283296339553,0.3844139170566236,0.17590791810665043,2.0801769605670497,1.2255531679618668,0.81,5.618106193703035,169.44939122262815,3.9757125968458933,0.5621347212306603,2
2.9480318568367365,1.0736871743063874,0.5132184918696332,0.22052974073573334,1.9826480190764606,1.2572422701302342,0.84,3.478460907064961,168.68463698258506,3.5095617343294485,0.6036748690197548,2
2.8932415396776725,1.0444137782425889,0.42611696090053497,0.20808026538829366,2.0065969537287054,1.3022376170277181,0.82,3.1489130388158557,176.22472418692354,3.5283433410703324,0.6181712238417224,2
2.8570290840211716,1.0543469664476082,0.5218976586062476,0.05601799130431915,2.035858080659342,1.3050693486489893,0.83,4.646062757596664,165.9363914302341,3.4422037156881586,0.6110281204854737,2
3.224345819123326,1.0389939231886829,0.36222611544239725,0.25368049436336876,1.9838861221712214,1.2166163591353663,0.83,5.670268556434644,176.34299911718907,3.8847539989437667,0.5838209421289114,2
2.9836982100780127,1.0625756618435651,0.31008231242429907,0.23191688284730755,2.0618568038046248,1.2453229018920182,0.78,5.909023959185641,165.38860157230616,3.825254115484632,0.5760431956919579,2
3.016473549589663,1.0094568639134156,0.3459018574007311,0.23221448367153896,2.0263817669150312,1.1909864162261514,0.79,3.3430845104175977,164.80321239583986,3.8183209488476746,0.5600999946279837,2
2.9497691001471384,1.0318827197270315,0.4260816205837047,0.14325659983803485,1.9860133217568028,1.203246314545452,0.81,5.900676045344145,167.0167995468384,3.6416902470952324,0.5768162178044479,2
3.006332208385093,1.079884630275109,0.5847944076592345,0.3645386004221315,2.042553388779826,1.2961427635598275,0.85,4.392825048704758,167.26090363486412,3.5368614216295216,0.6049523761449765,2
3.0286146500063102,1.07484014658577,0.48055752512306926,0.2595668644827066,2.0764633149734855,1.341156644925241,0.83,3.9289461687146017,162.06461828465558,3.6489333132606148,0.6162091663564655,2
2.9406449437009363,1.0452434072243273,0.47750294959496753,0.15518975527788242,2.061832653392373,1.2076350960101492,0.8,3.852188670188389,171.85243289084173,3.67580617962617,0.5586163638129501,2
2.9184522622781803,1.0006479561701418,0.46968445324202124,0.2755776021582407,1.9768882723210819,1.1550300620978258,0.8,4.691049733558319,167.63510877867714,3.6480653278477253,0.5561349050360764,2
2.940189160012885,1.0467150470401492,0.44888295528662736,0.2535261637942484,1.979255540215251,1.2583366360026602,0.82,4.689315635386059,160.9840989094713,3.5855965366010794,0.6051861407436208,2
2.9922914005097394,1.0574205567685881,0.37547799087042655,0.17095885285519719,2.1396850035858472,1.2368496392248798,0.78,5.620855235359338,169.18182320435153,3.8362710262945376,0.5522426757533412,2
2.9337371354937343,1.056653265359636,0.4675308453532061,0.21476231211616797,2.01685566733975,1.2159392559934858,0.82,4.886658862652421,174.57783171808921,3.5777282140167492,0.5744082011607127,2
3.063408834929698,1.0182298049221925,0.4621336593554774,0.21861341164048526,2.017487412838417,1.247169955999087,0.85,3.217048931910524,165.39836651357518,3.604010394034939,0.588985770794878,2
2.894216231049226,1.052545120051273,0.44526941255828767,0.15438660621830197,2.087643911083566,1.2455623932143687,0.79,3.9832410500502657,163.6496157935513,3.6635648494293998,0.5693624940072751,2
2.9560161870683843,1.067470820179929,0.43438593298302525,0.3216889876959672,2.0385406196970477,1.2433899279984644,0.86,5.726004653450503,175.94943845465957,3.4372281244981213,0.5814198320790404,2
3.1616727313756945,1.0434930457916933,0.5138941949248059,0.17194016002915677,2.0907379210315034,1.181051534200472,0.81,4.30863411658332,165.96121647870208,3.9032996683650545,0.5391112843129938,2
2.9589585639563776,1.0580236489284127,0.4435974207018377,0.2511918725808264,2.0115063837926637,1.2485980576648072,0.85,4.272591920589458,178.8350466359073,3.4811277223016206,0.5913304677876889,2
2.885096945187057,1.0565535756730082,0.6241816017203746,0.12664154254885215,2.063397371518735,1.243803129785841,0.82,5.258136473620705,176.6879426018286,3.5184109087647037,0.5749304987426669,2
2.854044420999331,1.0386019083330276,0.5137222067688137,0.22206836969280933,1.9950144179098888,1.2515431282821734,0.82,3.0240825642440647,170.32289717273,3.4805419768284525,0.5973911766825869,2
2.9714651416082267,1.047282815599784,0.41050159645853546,0.24389209750179655,2.0398786262725315,1.2566922418128361,0.82,5.661389024093236,178.25289878706957,3.6237379775710084,0.5872726734982519,2
2.8756298383999064,1.05748844802981,0.37973834378972116,0.23928745824812925,2.0085548017520223,1.2097395395641206,0.87,3.323700663404093,173.54933249181582,3.305321653333226,0.5737292379400972,2
3.00777306568961,1.0490498607899312,0.4171450234888937,0.23956949434300653,2.0344501651950595,1.239588489269876,0.81,5.63965623137817,176.18878465151198,3.713300081098284,0.5807530714387021,2
3.2089033007474264,1.019891102975925,0.4448548252330137,0.17905006819691544,2.0673092439248313,1.1361593195064745,0.78,3.0226711227419827,173.88752367719655,4.113978590701828,0.5242257525967899,2
2.987747540827597,1.0812127602057269,0.4214974737877057,0.34462392038274203,2.092099735263127,1.2729689416022723,0.85,5.320334160289278,173.82760352739882,3.5149971068559966,0.5807075842055481,2
3.297364879558467,1.048141770561884,0.4425556832297173,0.22821023896584364,2.037604965919226,1.2444086687138198,0.82,5.672833587940724,165.53233222281526,4.021176682388375,0.582150906530427,2
2.866609325151444,1.0396859104205272,0.41492142787800657,0.16869426997789566,2.000467675519377,1.2276582994184853,0.8,3.3213743497756716,174.45571828247856,3.583261656439305,0.5844690274107291,2
2.8241799739790308,1.038854346485275,0.6358565877236464,0.23743844572112965,1.9965252328886685,1.2778781685726244,0.81,5.130212024147951,160.14312670121885,3.4866419431839883,0.6095219597294889,2
3.163833287828575,1.0710272868609365,0.3769926560207069,0.20615922598745384,2.1027296588973807,1.259054246930096,0.8,5.667147758485065,178.4291172100426,3.9547916097857185,0.5715881846165091,2
3.1794089073650458,1.0771645396370453,0.36493398226754514,0.2143136131296235,2.0507227398751673,1.3000404412760802,0.89,4.0720469892416205,174.92528549218716,3.57236955883713,0.6044667762947155,2
3.122716559481429,1.0589124011931754,0.29384519023917655,0.30578286092750095,2.0530041272744954,1.2571489165975427,0.83,4.949400602613391,169.06016526339113,3.7623091078089503,0.5839045548830308,2
2.9456036563811154,1.0321037148222727,0.6749304454808989,0.1073722438740862,2.0509437409557605,1.2202662193657052,0.79,4.9124465771734975,174.88905085295855,3.7286122232672345,0.5673166601853967,2
2.898144344772076,1.038748600180866,0.5530447695681979,0.11412600874619047,2.055623480222117,1.2349402230207431,0.8,5.4609021414654055,171.7100904337568,3.622680430965095,0.5728923600764889,2
2.973154836021149,1.0126227000674313,0.5194051108667792,0.19733084657206423,2.0381932594612637,1.161386468112137,0.8,5.735270030067065,171.7341902592964,3.716443545026436,0.5431625335891099,2
2.9086588865370606,1.0454942943887007,0.43745086757189466,0.2028109445277395,2.0364378706632458,1.241492207819982,0.81,4.575904778969091,175.54236621935496,3.590936896959334,0.5811038199929339,2
2.783158857296443,1.0205180235888707,0.38057804574927767,0.18483888622321185,1.897545765528544,1.2573294971650442,0.81,4.147162243514307,178.33503809548694,3.4359985892548677,0.6294371417479684,2
2.8350753500634815,1.0540775374469393,0.4513681950160162,0.12056803925197826,1.9655809983314991,1.3334833340818308,0.83,5.328958558140583,162.00451663658748,3.4157534338114237,0.6455730059285838,2
3.2849649998830492,1.0348451066745599,0.3873755190321809,0.2739669214464537,2.0064927790375635,1.222776590268868,0.76,4.499322952098956,164.46975672146553,4.32232236826717,0.5804798394929903,2
3.0104352963524974,1.0453328212584125,0.3583807472366073,0.15840456813234663,2.0615660905938045,1.226405650359839,0.84,3.6250007704310914,162.29333934536314,3.583851543276783,0.567369027343935,2
3.122827317181021,1.038272992950698,0.4348515170071071,0.1644915945242583,2.097187736167602,1.1792236724355916,0.83,5.115319796405851,172.3868644587301,3.7624425508205075,0.5366968206787952,2
2.801323459063352,1.053868880913125,0.3656357260763389,0.26086031579869484,2.0422358236627556,1.169015881854167,0.83,3.6241544262513936,172.90741376522524,3.3750885048956047,0.5456989697125898,2
3.255942432323094,1.0845317948547821,0.3436896269790243,0.3243265338040721,2.1297341090218898,1.284922013274261,0.82,3.0099292751579663,164.54074577246547,3.9706615028330416,0.5762669226233048,2
3.1326610965732122,1.0433868574666536,0.35223640628811215,0.2108485543536554,1.994464366674459,1.2638407569671297,0.77,3.5970929683820545,170.4287510775199,4.0683910345106655,0.6034195554130272,2
2.820524165062446,1.0766450447967195,0.4345489299649137,0.268758861814234,2.010591077653811,1.246524211334865,0.86,5.992945391736937,168.76445459413105,3.279679261700519,0.5906043214778175,2
3.2605420820755815,1.0445731372072122,0.3525402626006461,0.286642141760783,2.0567095388767975,1.2700481226737175,0.75,5.561431714786637,160.6887914300616,4.347389442767442,0.588882322714236,2
2.9493339384730577,1.04563095927575,0.3786250227449075,0.15134887043116196,1.9630299368730248,1.2509260795981678,0.86,3.0993437996070865,168.59226664807653,3.4294580679919275,0.6063538183523508,2
3.2741010018962524,1.0800036591383118,0.2790614292449718,0.30542940054914275,2.0693625881460407,1.3027372676956093,0.85,5.18027044389512,167.05087322717543,3.85188353164265,0.6005161492200995,2
2.987353484051057,1.0400237691182506,0.48560941319531437,0.1392658059081206,1.9982748199315565,1.3358355970537055,0.82,5.055662289095782,165.32900329277822,3.6431140049403137,0.6366351940006024,2
3.112712129493241,1.0544645863706663,0.38584734693656975,0.30854354393175154,2.052788540809944,1.234630728693891,0.82,4.026116883097208,169.41224089865082,3.795990401821026,0.5735030195902964,2
2.9062716952164207,1.0176253627288117,0.5488565957725746,0.20031821942256736,1.9476085477458291,1.2370726770765599,0.83,4.08442102465496,172.23429987740607,3.5015321629113503,0.6041548705383303,2
2.843608962033577,1.044114731566353,0.33827639221901584,0.15355908336835516,2.010718155007843,1.222054702206401,0.84,5.871547886732749,164.25585890312243,3.385248764325687,0.5789757857092295,2
3.3236091196250377,1.0424928853670847,0.4251826069732395,0.18984521069101465,2.0574247460690267,1.2566053718378112,0.74,3.8147282354674434,165.09185887671407,4.49136367516897,0.5824561779628378,2
3.1584754915397366,1.0283864876796833,0.37539044620999873,0.10258725817580809,2.0400322909029667,1.2289152979629383,0.78,3.1576298141786934,166.54258056690475,4.049327553256073,0.5742508200399205,2
3.341634623639653,1.0570509689286702,0.452256862520714,0.2158378347296228,2.028439375331402,1.3279357766428397,0.8,5.1810034218415,162.97495498518634,4.177043279549566,0.6239011512536398,2
3.023953205042863,1.048901540669506,0.41912983496856643,0.06431249397922516,2.0574432919883217,1.2135882037635755,0.81,5.532328877431959,169.2899388053988,3.733275561781312,0.562512214467116,2
3.004973736052132,1.0160482666358779,0.3816383176486742,0.23182586243510497,2.0453412009886947,1.1997949000740886,0.79,5.243190259557398,160.3536246978882,3.8037642228507997,0.5592559819953838,2
3.173855664248403,1.0469868479588358,0.4542642441712796,0.2045350357946404,2.0341679142587563,1.2769595692449758,0.82,5.769213824269616,171.2946610894256,3.870555688107809,0.5983407213244005,2
2.9679901321705078,1.0868995737296634,0.48505621565468915,0.3305264218197023,2.030230139092916,1.314296986252723,0.83,3.5324143941987587,161.61085069748077,3.575891725506636,0.6169741767020396,2
2.9243171940664547,1.0647353666791706,0.4505508160021444,0.3358331390956857,2.0250169035672103,1.2833029953191717,0.81,3.8848816247077105,179.5638232800909,3.6102681408227832,0.6039024881001768,2
3.134397958492338,1.0298088288694736,0.49014430993291624,0.1220195804552392,2.0469956535586107,1.2368737047388325,0.78,5.718407432542307,177.16855372857052,4.018458921144023,0.5760951135083735,2
2.813667836437301,1.032875212996202,0.27567689864504036,0.2474467025235151,1.9457042679960825,1.2621835132800423,0.84,4.825773228102138,160.76898920517667,3.349604567187263,0.6169921689201165,2
3.0083862389004294,1.038975824400886,0.3241007982180028,0.18953323207233747,2.0205187874324886,1.3138700285767189,0.82,3.888020080096778,165.22031583262776,3.6687637059761338,0.6195983909048713,2
3.013686548213979,1.0499565284999173,0.4074924535333948,0.18327252139790998,2.000194518528616,1.2333262356144272,0.83,5.213776991079256,176.62695602251245,3.630947648450577,0.5872438122914864,2
2.9869882430259533,1.0496039318466672,0.36991571359843856,0.15915084497513904,2.051971814415141,1.1862930500268904,0.82,3.1164343813107718,179.7790803961892,3.642668589056041,0.5512586373485096,2
3.034596827434685,1.0117076175162836,0.33553245217029604,0.11204250240841329,1.9783416421872502,1.287028715535121,0.76,3.191585915749972,176.83597068342615,3.992890562414059,0.6192575317793517,2
3.0696806360505264,1.0555509650584343,0.5017235695452293,0.21724867020845515,2.0466241853436005,1.2250241421767547,0.8,3.361400406772167,167.7168831690779,3.837100795063158,0.5706747135995165,2
2.990486340173902,1.0567946839219515,0.3611313521856018,0.1022184171834275,2.0098169649339264,1.244250989989072,0.82,5.712569374996546,172.4243540126946,3.6469345611876856,0.5897435704940587,2
2.950254451133555,1.03520108368183,0.33968576713421583,0.09200196175122896,2.0006979873635533,1.3150569093981048,0.81,5.714416123287985,177.92545153208064,3.642289445843895,0.6260095060349657,2
2.9759821442346612,1.0873880923730384,0.46453442511464094,0.2526976365699046,2.04058401690179,1.3342382687557999,0.85,3.7319752922497225,172.15933645936613,3.501155463805484,0.6233057232142337,2
2.976279470804556,1.0838714143772754,0.41853432367546817,0.21233568125648397,2.053166373921354,1.3493294164502956,0.86,4.613589269029503,170.3982339968209,3.4607900823308793,0.6266721572438884,2
3.1321097619586293,1.066226047447428,0.3969308078498658,0.24438899307279244,2.041389130029734,1.2358921547524413,0.82,5.893295964332005,172.6381322285298,3.81964605116906,0.5771450585140872,2
2.888172709363623,1.082699129081794,0.37675973369325977,0.20298141551363552,2.0254145131769308,1.2570132190610712,0.81,5.063528505700657,165.08968478480043,3.5656453202020035,0.5914202670904745,2
2.9652743287883876,1.0342677475174726,0.3183654355352469,0.32544106737500966,1.9797864394029365,1.201655388587463,0.87,4.0910623168274505,175.1440694994976,3.4083612974579167,0.5777782592584041,2
2.901284353153219,1.0448515830337095,0.26609427945254627,0.1565994637689006,2.018292610204766,1.2425516341214438,0.79,4.631786176324832,178.89343230426184,3.6725118394344545,0.5865816781569813,2
2.9352041589062567,1.0578439523516865,0.44197441120332837,0.27456682561607354,1.9920085019816103,1.243426145618728,0.82,5.801925993381694,177.5607677881821,3.5795172669588498,0.5943695469884177,2
3.039119463950722,1.0392883162831894,0.47604981793426393,0.23805603392651306,2.045650580348702,1.2857049738965431,0.84,4.4930687593836,173.81857995028048,3.617999361846098,0.5992145159476971,2
3.107894513577246,1.0401745150650221,0.4136015779164947,0.18623429192780985,2.0610599569809662,1.2542296126632826,0.79,5.402013695294099,161.18913112247571,3.934043688072463,0.5803770546077123,2
3.1212604073540806,1.0492784978122816,0.3459489773166654,0.3633344279957941,1.9693570343115738,1.3202927662623596,0.83,4.837802430339326,160.58639284458525,3.760554707655519,0.6380207689494191,2
3.014133058337044,1.0399216307060184,0.3261167378467329,0.19708507908394962,2.069231589400511,1.2183663054998966,0.77,4.891522030310989,176.9446783786128,3.914458517320836,0.5616580135810231,2
2.9125731439678955,1.0690651746888242,0.3669339932323502,0.2836699277659556,2.0336929010832407,1.296323254498114,0.83,5.358321999550383,160.21419412945735,3.509124269840838,0.6075491247311139,2
3.029787140572024,1.0876528104758585,0.40292683695482256,0.3045040813355949,2.0919887511820217,1.2782126421963609,0.82,5.2204561521839565,177.3814291657561,3.694862366551249,0.5831291978606594,2
3.011651845950007,1.0260788345228586,0.5361665116951557,0.2574259912860046,1.9667607584188125,1.2194268925512264,0.84,3.8757289458715047,167.6216703144085,3.5852998166071512,0.5900184080735866,2
2.981793260892869,1.0203892594240687,0.5308556299926575,0.20205019112267159,1.9857134742482967,1.2170000888322288,0.84,3.594055180822922,172.54783355307495,3.5497538820153203,0.5834934202891137,2
3.111388101984758,1.058308573714823,0.35682259967003127,0.17027005470455725,2.090838494123388,1.2636431404529012,0.81,5.374569451993433,169.01942159992316,3.841219878993528,0.5767851641471717,2
3.162811704979573,1.0283733420770773,0.6415651512774783,0.07946887685791326,2.002873615132885,1.302382279346783,0.79,3.5826977234886033,163.51419125553923,4.003559120227307,0.619334547722918,2
3.0357472297099055,1.0492759751253908,0.43340542611012345,0.2143882172775004,1.9443086085463233,1.2755080820796723,0.8,5.960846237812872,171.72861075413485,3.794684037137382,0.6239312776688186,2
2.990326956531637,1.057609427347402,0.40529529880904847,0.1478153156030721,2.0346197826390227,1.2608281314141567,0.85,4.277724859233399,162.04826324082694,3.518031713566632,0.5906570067740118,2
2.9859683315281345,1.0755126738651013,0.3719999025065229,0.20694586982165436,2.0523094779423263,1.2623546120745128,0.9,4.5768623140164175,162.1601222891974,3.317742590586816,0.5865116634069569,2
3.0734857773267774,1.0407872849887587,0.4156637632734703,0.12422285735547996,2.101675514226182,1.2082138796738717,0.81,4.136542883801191,164.54953485361847,3.7944268855886136,0.5487701851916721,2
2.8197001012460987,0.994740125918447,0.5003236212997336,0.13105137092698102,1.9307641767740336,1.2049089439242284,0.8,5.7676188212250965,162.03677805840607,3.5246251265576234,0.5933278505228924,2
3.024854108991772,1.0396536335910025,0.3862267638522314,0.1649313149792793,2.0453127928982697,1.264823657900474,0.79,4.1584728099482255,175.80051961442368,3.8289292518883187,0.5895754046158115,2
2.8850024611994236,1.0432569150844047,0.4217337225811014,0.22157472763024016,2.000626270793389,1.2929262524362315,0.8,3.1333681331448293,179.18473404436332,3.6062530764992795,0.61549561214804,2
2.8832722250912353,1.0382149735046573,0.41369279192512254,0.16424441925249292,2.0179464781571874,1.2765363472291995,0.8,3.0055811993831547,173.66151588884793,3.604090281364044,0.6027236100602061,2
3.013919611803933,1.020939307736279,0.28635935029344817,0.2316218137917124,1.950733601104308,1.2338107716866822,0.84,3.0686550717864063,177.8762301313477,3.587999537861825,0.6016436123259903,2
3.007569270389655,1.0397131577684866,0.4242542713361805,0.1657792670116982,2.0197583007649236,1.2296829048819176,0.82,4.736542109372477,172.74003792128937,3.6677674029142135,0.5801052433374981,2
2.939491474077172,1.018375842378305,0.3657100231635666,0.22901689622090565,1.97632956340344,1.239001653949333,0.81,5.452853299037794,179.21525729822417,3.6290018198483605,0.5967268760159677,2
3.200923399082217,1.0602284816138565,0.430819713271962,0.15081915079288388,2.102056343202149,1.2984866607604366,0.79,5.696455549870471,169.1753882993974,4.051801770990148,0.5896700439881685,2
2.923606693293969,1.0820560906559589,0.45941476092925726,0.31100454266960403,2.046667218025339,1.2831949177878523,0.84,5.2270498419055045,174.24127777254003,3.4804841586832964,0.5977614541336447,2
3.0675964598226084,1.0667649638965462,0.32032322918455697,0.28490678013095455,2.085084938439452,1.286914115823356,0.8,4.895021890690665,174.84451686486733,3.8344955747782605,0.5889538173936829,2
3.1668988940539853,1.029942093002848,0.34895280166752635,0.11181454163757568,2.022456920668956,1.2629678939481308,0.8,4.160363164825565,168.1731396461736,3.9586236175674814,0.5950499544415103,2
2.9768528139228625,1.0371005145388557,0.4205413756533758,0.18716374107342765,2.0719144024469385,1.2090952509851536,0.82,4.244080553072021,169.9196231783945,3.6303083096620274,0.5566956274257188,2
2.89353239553788,1.0394050071142167,0.42431648917605513,0.16093172840012046,2.02470784269803,1.2295136619477318,0.8,5.498451231846488,171.23864483020694,3.6169154944223503,0.5786742239283361,2
3.2761067885837942,1.062888177154602,0.4629400788873125,0.1760605617964363,2.012810298288355,1.3155949820699904,0.82,3.443481891693952,173.70593084347456,3.9952521811997492,0.6226753926444744,2
2.875602887770911,1.0325854455735637,0.3625455906148227,0.2642957162487344,1.9678833040339985,1.1999420197817405,0.85,5.453482997939732,176.13994037453364,3.3830622209069543,0.5802755007697533,2
3.0447869838344332,1.055226686078412,0.45110647759869593,0.1907115886905688,2.0101181969301907,1.278510446471013,0.83,3.972639915421879,169.8172572073233,3.6684180528125703,0.6058951808154613,2
2.90456074997408,1.0488897387506482,0.3697430104911633,0.13480657216189837,2.0414184075460255,1.2629704163877906,0.8,3.9359118994141693,164.47928474307835,3.6307009374676,0.5897821798567151,2
2.852111958975887,1.0297365182720097,0.38703490395167706,0.19745329776609788,2.0550263749737256,1.2314073475155178,0.81,3.1314776958712254,179.87935388304544,3.5211258752788726,0.5714117292557643,2
3.062189150629769,1.046036726050262,0.44496685576164313,0.2793627854716549,2.0708577175160197,1.2006979390889925,0.83,5.530260397935146,165.2596264161076,3.6893845188310475,0.5530984041012499,2
2.969452857725774,1.0707803168009344,0.40868537168192054,0.32726556346408675,1.969879865401208,1.2756761111784858,0.86,3.4005936311721268,162.4175214264069,3.4528521601462487,0.6163044206100433,2
3.1394706105689782,1.065046243129064,0.46685565157449355,0.15694000245829304,2.099800736338792,1.2997012265610124,0.77,4.741585472509541,170.0428311731771,4.077234559180491,0.5908267985781986,2
3.0029163649944945,1.0513428660708601,0.5095351596798182,0.22526256066842398,2.0265739823604036,1.2348272407060228,0.81,5.129045970218286,174.66207895194933,3.7073041543141905,0.580665074880404,2
3.011032996331166,1.0232994565676465,0.49181393412638624,0.22445929954507,2.014548716352606,1.2132263773104321,0.85,5.192565669564109,174.5835126359886,3.5423917603896076,0.5737519159185566,2
3.0307889949602247,1.0392085486439206,0.3402640364704621,0.13146859536270372,1.9987572887196194,1.23972338441295,0.8,4.5746627930389385,177.3128970350942,3.7884862437002806,0.5906940221607346,2
3.1080378860106226,1.0461290230481843,0.30010293902226126,0.21356244559119922,2.021217042305875,1.2791000778938943,0.85,5.691452856272455,169.785235281319,3.656515160012497,0.6030029235025591,2
2.90489874594982,1.045088149422604,0.32350190619587715,0.15442949367946918,1.999283698540794,1.3378163507688559,0.8,3.6120208177164246,164.46513003044336,3.6311234324372745,0.6372727762801988,2
2.8921892681835395,1.0371478440660442,0.5392881122007209,0.12466253197285308,2.008380667526006,1.162443051914471,0.82,3.4028379358388374,167.50491827741135,3.527060083150658,0.5513440100351958,2
3.351129754153059,1.0901985739160112,0.39983717815066244,0.2448570147824098,2.0132314804484945,1.3292481718182516,0.83,5.757057268272008,162.9081058529075,4.037505727895252,0.6290121002438138,2
3.2489414357660684,1.0654111020983055,0.5568362845366157,0.1936061623056134,2.1267268978589895,1.2716395474005784,0.8,3.1011002331716577,165.66386376525304,4.061176794707586,0.571080157437927,2
3.0216760776652736,1.0489202075622155,0.28329448778527766,0.19350557027410417,2.019924575977964,1.1943587225514745,0.83,3.621474903665733,177.5008094444045,3.6405735875485226,0.5633968000962923,2
3.128192802462393,1.0530979009977595,0.34923787703047826,0.28877723726694565,2.039707237496624,1.1714112232154201,0.76,5.586602689383501,167.04747798091955,4.116043161134727,0.5474633177321616,2
3.2475529429427024,1.0460662706441528,0.3028462158340569,0.1747114857986603,1.9458793691098273,1.2931995745364413,0.82,3.2851391737236493,166.65747072082448,3.960430418222808,0.6320996213472347,2
3.0142119176585407,1.047321915602291,0.3983521244495971,0.08986255353514457,2.0355656167345146,1.188547241993278,0.84,5.310484871234561,163.54132658187726,3.5883475210220723,0.5565491561952947,2
3.036037032500916,1.0412775552608275,0.40167118010787883,0.2516468968742964,2.0464833302689107,1.1985926782050151,0.84,3.82886087334703,174.6905979503673,3.614329800596329,0.5583983165873717,2
2.897043631611483,1.0493618596060967,0.4493419193754296,0.2560451502167213,1.9533141449501255,1.2593100586781645,0.87,4.4879593647930935,165.8476294472656,3.3299352087488314,0.6133060845926978,2
2.921306586217999,1.0483395768970187,0.5329345600571695,0.2978666072972156,2.018920794317723,1.2228154673269425,0.8,3.464762646851279,170.28793348067586,3.6516332327724985,0.5770935235550794,2
3.010678062970654,1.056292089913365,0.37031846298891835,0.3080260460118821,1.9963057154532273,1.2028947655231954,0.91,4.266295944577516,164.72182935453918,3.3084374318358836,0.5738164794647455,2
3.035030664967126,1.100068063684197,0.6060967760970017,0.21108900297364386,2.1493482032120936,1.2686519643719882,0.84,5.297745100376881,175.38247339509476,3.613131744008484,0.5640087037481967,2
3.0143491538420775,1.0355079931727134,0.4156769016057772,0.22332543443535244,2.071381592049638,1.2720968043371952,0.73,5.1342944931838135,164.10633749266609,4.129245416222024,0.5858467295637435,2
3.4008192666074404,1.0753894951780132,0.37034576535406233,0.1610455509617869,2.097118070007557,1.250205055443448,0.81,4.333073940487954,165.04772869266105,4.19854230445363,0.5690204238496605,2
2.8157075679159513,1.0446633661829112,0.400069427358006,0.16019169831270103,2.0170614193851235,1.2963800611595473,0.79,3.1855425350893167,179.6599728085274,3.564186794830318,0.6123488195897813,2
3.1034324634669694,1.0460588906000894,0.6251457209222828,0.18024542032576404,1.9989681431391895,1.2339817835727254,0.79,5.003561921655093,161.44637494594926,3.9283955233759107,0.5878992435431623,2
2.916434053303462,1.0266634790565525,0.46469675875902094,0.09899528444648897,1.9803117863081456,1.2320205050918505,0.84,5.9712386304618255,168.8003604614748,3.4719453015517403,0.5922287770518634,2
